[22Feb2026 19:50:30.117] [main/INFO] [cpw.mods.modlauncher.Launcher/MODLAUNCHER]: ModLauncher running: args [--launchTarget, forgeserver, --fml.forgeVersion, 47.3.7, --fml.mcVersion, 1.20.1, --fml.forgeGroup, net.minecraftforge, --fml.mcpVersion, 20230612.114412, nogui]
[22Feb2026 19:50:30.123] [main/INFO] [cpw.mods.modlauncher.Launcher/MODLAUNCHER]: ModLauncher 10.0.9+10.0.9+main.dcd20f30 starting: java version 17.0.17 by Ubuntu; OS Linux arch amd64 version 6.8.0-1030-azure
[22Feb2026 19:50:30.144] [main/DEBUG] [cpw.mods.modlauncher.LaunchServiceHandler/MODLAUNCHER]: Found launch services [fmlclientdev,forgeclient,minecraft,forgegametestserverdev,fmlserveruserdev,fmlclient,fmldatauserdev,forgeserverdev,forgeserveruserdev,forgeclientdev,forgeclientuserdev,forgeserver,forgedatadev,fmlserver,fmlclientuserdev,fmlserverdev,forgedatauserdev,testharness,forgegametestserveruserdev]
[22Feb2026 19:50:30.154] [main/DEBUG] [cpw.mods.modlauncher.NameMappingServiceHandler/MODLAUNCHER]: Found naming services : [srgtomcp]
[22Feb2026 19:50:30.168] [main/DEBUG] [cpw.mods.modlauncher.LaunchPluginHandler/MODLAUNCHER]: Found launch plugins: [mixin,eventbus,slf4jfixer,object_holder_definalize,runtime_enum_extender,capability_token_subclass,accesstransformer,runtimedistcleaner]
[22Feb2026 19:50:30.177] [main/DEBUG] [cpw.mods.modlauncher.TransformationServicesHandler/MODLAUNCHER]: Discovering transformation services
[22Feb2026 19:50:30.182] [main/DEBUG] [net.minecraftforge.fml.loading.FMLPaths/CORE]: Path GAMEDIR is /workspaces/COBLEMON/servidor_minecraft
[22Feb2026 19:50:30.182] [main/DEBUG] [net.minecraftforge.fml.loading.FMLPaths/CORE]: Path MODSDIR is /workspaces/COBLEMON/servidor_minecraft/mods
[22Feb2026 19:50:30.182] [main/DEBUG] [net.minecraftforge.fml.loading.FMLPaths/CORE]: Path CONFIGDIR is /workspaces/COBLEMON/servidor_minecraft/config
[22Feb2026 19:50:30.182] [main/DEBUG] [net.minecraftforge.fml.loading.FMLPaths/CORE]: Path FMLCONFIG is /workspaces/COBLEMON/servidor_minecraft/config/fml.toml
[22Feb2026 19:50:32.495] [main/DEBUG] [cpw.mods.modlauncher.TransformationServicesHandler/MODLAUNCHER]: Found additional transformation services from discovery services: 
[22Feb2026 19:50:32.501] [main/INFO] [net.minecraftforge.fml.loading.ImmediateWindowHandler/]: ImmediateWindowProvider not loading because launch target is forgeserver
[22Feb2026 19:50:32.508] [main/DEBUG] [cpw.mods.modlauncher.TransformationServicesHandler/MODLAUNCHER]: Found transformer services : [mixin,fml]
[22Feb2026 19:50:32.508] [main/DEBUG] [cpw.mods.modlauncher.TransformationServicesHandler/MODLAUNCHER]: Transformation services loading
[22Feb2026 19:50:32.509] [main/DEBUG] [cpw.mods.modlauncher.TransformationServiceDecorator/MODLAUNCHER]: Loading service mixin
[22Feb2026 19:50:32.509] [main/DEBUG] [cpw.mods.modlauncher.TransformationServiceDecorator/MODLAUNCHER]: Loaded service mixin
[22Feb2026 19:50:32.510] [main/DEBUG] [cpw.mods.modlauncher.TransformationServiceDecorator/MODLAUNCHER]: Loading service fml
[22Feb2026 19:50:32.510] [main/DEBUG] [net.minecraftforge.fml.loading.LauncherVersion/CORE]: Found FMLLauncher version 1.0
[22Feb2026 19:50:32.511] [main/DEBUG] [net.minecraftforge.fml.loading.FMLLoader/CORE]: FML 1.0 loading
[22Feb2026 19:50:32.511] [main/DEBUG] [net.minecraftforge.fml.loading.FMLLoader/CORE]: FML found ModLauncher version : 10.0.9+10.0.9+main.dcd20f30
[22Feb2026 19:50:32.511] [main/DEBUG] [net.minecraftforge.fml.loading.FMLLoader/CORE]: FML found AccessTransformer version : 8.0.4+66+master.c09db6d7
[22Feb2026 19:50:32.511] [main/DEBUG] [net.minecraftforge.fml.loading.FMLLoader/CORE]: FML found EventBus version : 6.0.5+6.0.5+master.eb8e549b
[22Feb2026 19:50:32.512] [main/DEBUG] [net.minecraftforge.fml.loading.FMLLoader/CORE]: Found Runtime Dist Cleaner
[22Feb2026 19:50:32.513] [main/DEBUG] [net.minecraftforge.fml.loading.FMLLoader/CORE]: FML found CoreMod version : 5.1.6
[22Feb2026 19:50:32.513] [main/DEBUG] [net.minecraftforge.fml.loading.FMLLoader/CORE]: Found ForgeSPI package implementation version 7.0.1+7.0.1+master.d2b38bf6
[22Feb2026 19:50:32.513] [main/DEBUG] [net.minecraftforge.fml.loading.FMLLoader/CORE]: Found ForgeSPI package specification 5
[22Feb2026 19:50:32.513] [main/DEBUG] [cpw.mods.modlauncher.TransformationServiceDecorator/MODLAUNCHER]: Loaded service fml
[22Feb2026 19:50:32.514] [main/DEBUG] [cpw.mods.modlauncher.TransformationServicesHandler/MODLAUNCHER]: Configuring option handling for services
[22Feb2026 19:50:32.519] [main/DEBUG] [cpw.mods.modlauncher.TransformationServicesHandler/MODLAUNCHER]: Transformation services initializing
[22Feb2026 19:50:32.520] [main/DEBUG] [cpw.mods.modlauncher.TransformationServiceDecorator/MODLAUNCHER]: Initializing transformation service mixin
[22Feb2026 19:50:32.532] [main/DEBUG] [mixin/]: MixinService [ModLauncher] was successfully booted in cpw.mods.cl.ModuleClassLoader@7a3d45bd
[22Feb2026 19:50:32.570] [main/INFO] [mixin/]: SpongePowered MIXIN Subsystem Version=0.8.5 Source=union:/workspaces/COBLEMON/servidor_minecraft/libraries/org/spongepowered/mixin/0.8.5/mixin-0.8.5.jar%2365!/ Service=ModLauncher Env=SERVER
[22Feb2026 19:50:32.574] [main/DEBUG] [mixin/]: Initialising Mixin Platform Manager
[22Feb2026 19:50:32.574] [main/DEBUG] [mixin/]: Adding mixin platform agents for container ModLauncher Root Container(ModLauncher:4f56a0a2)
[22Feb2026 19:50:32.574] [main/DEBUG] [mixin/]: Instancing new MixinPlatformAgentMinecraftForge for ModLauncher Root Container(ModLauncher:4f56a0a2)
[22Feb2026 19:50:32.575] [main/DEBUG] [mixin/]: MixinPlatformAgentMinecraftForge rejected container ModLauncher Root Container(ModLauncher:4f56a0a2)
[22Feb2026 19:50:32.575] [main/DEBUG] [mixin/]: Instancing new MixinPlatformAgentDefault for ModLauncher Root Container(ModLauncher:4f56a0a2)
[22Feb2026 19:50:32.575] [main/DEBUG] [mixin/]: MixinPlatformAgentDefault accepted container ModLauncher Root Container(ModLauncher:4f56a0a2)
[22Feb2026 19:50:32.578] [main/DEBUG] [cpw.mods.modlauncher.TransformationServiceDecorator/MODLAUNCHER]: Initialized transformation service mixin
[22Feb2026 19:50:32.579] [main/DEBUG] [cpw.mods.modlauncher.TransformationServiceDecorator/MODLAUNCHER]: Initializing transformation service fml
[22Feb2026 19:50:32.579] [main/DEBUG] [net.minecraftforge.fml.loading.FMLServiceProvider/CORE]: Setting up basic FML game directories
[22Feb2026 19:50:32.579] [main/DEBUG] [net.minecraftforge.fml.loading.FMLPaths/CORE]: Path GAMEDIR is /workspaces/COBLEMON/servidor_minecraft
[22Feb2026 19:50:32.579] [main/DEBUG] [net.minecraftforge.fml.loading.FMLPaths/CORE]: Path MODSDIR is /workspaces/COBLEMON/servidor_minecraft/mods
[22Feb2026 19:50:32.579] [main/DEBUG] [net.minecraftforge.fml.loading.FMLPaths/CORE]: Path CONFIGDIR is /workspaces/COBLEMON/servidor_minecraft/config
[22Feb2026 19:50:32.579] [main/DEBUG] [net.minecraftforge.fml.loading.FMLPaths/CORE]: Path FMLCONFIG is /workspaces/COBLEMON/servidor_minecraft/config/fml.toml
[22Feb2026 19:50:32.580] [main/DEBUG] [net.minecraftforge.fml.loading.FMLServiceProvider/CORE]: Loading configuration
[22Feb2026 19:50:32.582] [main/DEBUG] [net.minecraftforge.fml.loading.FMLServiceProvider/CORE]: Preparing ModFile
[22Feb2026 19:50:32.584] [main/DEBUG] [net.minecraftforge.fml.loading.FMLServiceProvider/CORE]: Preparing launch handler
[22Feb2026 19:50:32.584] [main/DEBUG] [net.minecraftforge.fml.loading.FMLLoader/CORE]: Using forgeserver as launch service
[22Feb2026 19:50:32.595] [main/DEBUG] [net.minecraftforge.fml.loading.FMLLoader/CORE]: Received command line version data  : VersionInfo[forgeVersion=47.3.7, mcVersion=1.20.1, mcpVersion=20230612.114412, forgeGroup=net.minecraftforge]
[22Feb2026 19:50:32.596] [main/DEBUG] [cpw.mods.modlauncher.TransformationServiceDecorator/MODLAUNCHER]: Initialized transformation service fml
[22Feb2026 19:50:32.596] [main/DEBUG] [cpw.mods.modlauncher.NameMappingServiceHandler/MODLAUNCHER]: Current naming domain is 'srg'
[22Feb2026 19:50:32.597] [main/DEBUG] [cpw.mods.modlauncher.NameMappingServiceHandler/MODLAUNCHER]: Identified name mapping providers {}
[22Feb2026 19:50:32.597] [main/DEBUG] [cpw.mods.modlauncher.TransformationServicesHandler/MODLAUNCHER]: Transformation services begin scanning
[22Feb2026 19:50:32.597] [main/DEBUG] [cpw.mods.modlauncher.TransformationServiceDecorator/MODLAUNCHER]: Beginning scan trigger - transformation service mixin
[22Feb2026 19:50:32.597] [main/DEBUG] [cpw.mods.modlauncher.TransformationServiceDecorator/MODLAUNCHER]: End scan trigger - transformation service mixin
[22Feb2026 19:50:32.598] [main/DEBUG] [cpw.mods.modlauncher.TransformationServiceDecorator/MODLAUNCHER]: Beginning scan trigger - transformation service fml
[22Feb2026 19:50:32.598] [main/DEBUG] [net.minecraftforge.fml.loading.FMLServiceProvider/CORE]: Initiating mod scan
[22Feb2026 19:50:32.605] [main/DEBUG] [net.minecraftforge.fml.loading.moddiscovery.ModListHandler/CORE]: Found mod coordinates from lists: []
[22Feb2026 19:50:32.607] [main/DEBUG] [net.minecraftforge.fml.loading.moddiscovery.ModDiscoverer/CORE]: Found Mod Locators : (mods folder:null),(maven libs:null),(exploded directory:null),(minecraft:null),(userdev classpath:null)
[22Feb2026 19:50:32.608] [main/DEBUG] [net.minecraftforge.fml.loading.moddiscovery.ModDiscoverer/CORE]: Found Dependency Locators : (JarInJar:null)
[22Feb2026 19:50:32.614] [main/DEBUG] [net.minecraftforge.fml.loading.moddiscovery.ModFileParser/LOADING]: Considering mod file candidate /workspaces/COBLEMON/servidor_minecraft/mods/architectury-9.2.14-forge.jar
[22Feb2026 19:50:32.650] [main/DEBUG] [net.minecraftforge.fml.loading.moddiscovery.ModFileInfo/LOADING]: Found valid mod file architectury-9.2.14-forge.jar with {architectury} mods - versions {9.2.14}
[22Feb2026 19:50:32.651] [main/DEBUG] [net.minecraftforge.fml.loading.moddiscovery.ModFileParser/LOADING]: Considering mod file candidate /workspaces/COBLEMON/servidor_minecraft/mods/balm-forge-1.20.1-7.3.38-all.jar
[22Feb2026 19:50:32.653] [main/DEBUG] [net.minecraftforge.fml.loading.moddiscovery.ModFileInfo/LOADING]: Found valid mod file balm-forge-1.20.1-7.3.38-all.jar with {balm} mods - versions {7.3.38}
[22Feb2026 19:50:32.653] [main/DEBUG] [net.minecraftforge.fml.loading.moddiscovery.ModFileParser/LOADING]: Considering mod file candidate /workspaces/COBLEMON/servidor_minecraft/mods/cleanswing-1.20-1.8.jar
[22Feb2026 19:50:32.655] [main/DEBUG] [net.minecraftforge.fml.loading.moddiscovery.ModFileInfo/LOADING]: Found valid mod file cleanswing-1.20-1.8.jar with {cleanswing} mods - versions {1.8}
[22Feb2026 19:50:32.656] [main/DEBUG] [net.minecraftforge.fml.loading.moddiscovery.ModFileParser/LOADING]: Considering mod file candidate /workspaces/COBLEMON/servidor_minecraft/mods/collective-1.20.1-8.13.jar
[22Feb2026 19:50:32.658] [main/DEBUG] [net.minecraftforge.fml.loading.moddiscovery.ModFileInfo/LOADING]: Found valid mod file collective-1.20.1-8.13.jar with {collective} mods - versions {8.13}
[22Feb2026 19:50:32.659] [main/DEBUG] [net.minecraftforge.fml.loading.moddiscovery.ModFileParser/LOADING]: Considering mod file candidate /workspaces/COBLEMON/servidor_minecraft/mods/geckolib-forge-1.20.1-4.8.2 (1).jar
[22Feb2026 19:50:32.660] [main/DEBUG] [net.minecraftforge.fml.loading.moddiscovery.ModFileInfo/LOADING]: Found valid mod file geckolib-forge-1.20.1-4.8.2 (1).jar with {geckolib} mods - versions {4.8.2}
[22Feb2026 19:50:32.660] [main/DEBUG] [net.minecraftforge.fml.loading.moddiscovery.ModFileParser/LOADING]: Considering mod file candidate /workspaces/COBLEMON/servidor_minecraft/mods/globalxp-forge-1.20.1-1.12.jar
[22Feb2026 19:50:32.663] [main/DEBUG] [net.minecraftforge.fml.loading.moddiscovery.ModFileInfo/LOADING]: Found valid mod file globalxp-forge-1.20.1-1.12.jar with {globalxp} mods - versions {1.12}
[22Feb2026 19:50:32.664] [main/DEBUG] [net.minecraftforge.fml.loading.moddiscovery.ModFileParser/LOADING]: Considering mod file candidate /workspaces/COBLEMON/servidor_minecraft/mods/gravestone-forge-1.20.1-1.0.35.jar
[22Feb2026 19:50:32.665] [main/DEBUG] [net.minecraftforge.fml.loading.moddiscovery.ModFileInfo/LOADING]: Found valid mod file gravestone-forge-1.20.1-1.0.35.jar with {gravestone} mods - versions {1.20.1-1.0.35}
[22Feb2026 19:50:32.666] [main/DEBUG] [net.minecraftforge.fml.loading.moddiscovery.ModFileParser/LOADING]: Considering mod file candidate /workspaces/COBLEMON/servidor_minecraft/mods/inventoryhud.forge.1.20.1-3.4.26.jar
[22Feb2026 19:50:32.667] [main/DEBUG] [net.minecraftforge.fml.loading.moddiscovery.ModFileInfo/LOADING]: Found valid mod file inventoryhud.forge.1.20.1-3.4.26.jar with {inventoryhud} mods - versions {3.4.26}
[22Feb2026 19:50:32.668] [main/DEBUG] [net.minecraftforge.fml.loading.moddiscovery.ModFileParser/LOADING]: Considering mod file candidate /workspaces/COBLEMON/servidor_minecraft/mods/Jade-1.20.1-Forge-11.13.2.jar
[22Feb2026 19:50:32.669] [main/DEBUG] [net.minecraftforge.fml.loading.moddiscovery.ModFileInfo/LOADING]: Found valid mod file Jade-1.20.1-Forge-11.13.2.jar with {jade} mods - versions {11.13.2+forge}
[22Feb2026 19:50:32.669] [main/DEBUG] [net.minecraftforge.fml.loading.moddiscovery.ModFileParser/LOADING]: Considering mod file candidate /workspaces/COBLEMON/servidor_minecraft/mods/jei-1.20.1-forge-15.20.0.129.jar
[22Feb2026 19:50:32.671] [main/DEBUG] [net.minecraftforge.fml.loading.moddiscovery.ModFileInfo/LOADING]: Found valid mod file jei-1.20.1-forge-15.20.0.129.jar with {jei} mods - versions {15.20.0.129}
[22Feb2026 19:50:32.671] [main/DEBUG] [net.minecraftforge.fml.loading.moddiscovery.ModFileParser/LOADING]: Considering mod file candidate /workspaces/COBLEMON/servidor_minecraft/mods/JustEnoughResources-1.20.1-1.4.0.247.jar
[22Feb2026 19:50:32.672] [main/DEBUG] [net.minecraftforge.fml.loading.moddiscovery.ModFileInfo/LOADING]: Found valid mod file JustEnoughResources-1.20.1-1.4.0.247.jar with {jeresources} mods - versions {1.4.0.247}
[22Feb2026 19:50:32.672] [main/DEBUG] [net.minecraftforge.fml.loading.moddiscovery.ModFileParser/LOADING]: Considering mod file candidate /workspaces/COBLEMON/servidor_minecraft/mods/justzoom_forge_2.1.1_MC_1.20.1.jar
[22Feb2026 19:50:32.674] [main/DEBUG] [net.minecraftforge.fml.loading.moddiscovery.ModFileInfo/LOADING]: Found valid mod file justzoom_forge_2.1.1_MC_1.20.1.jar with {justzoom} mods - versions {2.1.1}
[22Feb2026 19:50:32.674] [main/DEBUG] [net.minecraftforge.fml.loading.moddiscovery.ModFileParser/LOADING]: Considering mod file candidate /workspaces/COBLEMON/servidor_minecraft/mods/kleeslabs-forge-1.20.1-15.0.11.jar
[22Feb2026 19:50:32.675] [main/DEBUG] [net.minecraftforge.fml.loading.moddiscovery.ModFileInfo/LOADING]: Found valid mod file kleeslabs-forge-1.20.1-15.0.11.jar with {kleeslabs} mods - versions {15.0.11}
[22Feb2026 19:50:32.675] [main/DEBUG] [net.minecraftforge.fml.loading.moddiscovery.ModFileParser/LOADING]: Considering mod file candidate /workspaces/COBLEMON/servidor_minecraft/mods/konkrete_forge_1.8.0_MC_1.20-1.20.1.jar
[22Feb2026 19:50:32.676] [main/DEBUG] [net.minecraftforge.fml.loading.moddiscovery.ModFileInfo/LOADING]: Found valid mod file konkrete_forge_1.8.0_MC_1.20-1.20.1.jar with {konkrete} mods - versions {1.8.0}
[22Feb2026 19:50:32.698] [main/DEBUG] [net.minecraftforge.fml.loading.moddiscovery.ModFileParser/LOADING]: Considering mod file candidate /workspaces/COBLEMON/servidor_minecraft/mods/photon-forge-1.20.1-1.1.17.jar
[22Feb2026 19:50:32.738] [main/DEBUG] [net.minecraftforge.fml.loading.moddiscovery.ModFileInfo/LOADING]: Found valid mod file photon-forge-1.20.1-1.1.17.jar with {photon} mods - versions {1.1.17}
[22Feb2026 19:50:32.739] [main/DEBUG] [net.minecraftforge.fml.loading.moddiscovery.ModFileParser/LOADING]: Considering mod file candidate /workspaces/COBLEMON/servidor_minecraft/mods/scaffoldingdropsnearby-1.20.1-3.4.jar
[22Feb2026 19:50:32.740] [main/DEBUG] [net.minecraftforge.fml.loading.moddiscovery.ModFileInfo/LOADING]: Found valid mod file scaffoldingdropsnearby-1.20.1-3.4.jar with {scaffoldingdropsnearby} mods - versions {3.4}
[22Feb2026 19:50:32.745] [main/DEBUG] [net.minecraftforge.fml.loading.moddiscovery.ModFileParser/LOADING]: Considering mod file candidate /workspaces/COBLEMON/servidor_minecraft/mods/slugterra-1.3.1-forge-1.20.1.jar
[22Feb2026 19:50:32.746] [main/DEBUG] [net.minecraftforge.fml.loading.moddiscovery.ModFileInfo/LOADING]: Found valid mod file slugterra-1.3.1-forge-1.20.1.jar with {slugterra} mods - versions {1.3.1}
[22Feb2026 19:50:32.747] [main/DEBUG] [net.minecraftforge.fml.loading.moddiscovery.ModFileParser/LOADING]: Considering mod file candidate /workspaces/COBLEMON/servidor_minecraft/mods/sophisticatedbackpacks-1.20.1-3.24.20.1500 (2).jar
[22Feb2026 19:50:32.748] [main/DEBUG] [net.minecraftforge.fml.loading.moddiscovery.ModFileInfo/LOADING]: Found valid mod file sophisticatedbackpacks-1.20.1-3.24.20.1500 (2).jar with {sophisticatedbackpacks} mods - versions {3.24.20.1500}
[22Feb2026 19:50:32.749] [main/DEBUG] [net.minecraftforge.fml.loading.moddiscovery.ModFileParser/LOADING]: Considering mod file candidate /workspaces/COBLEMON/servidor_minecraft/mods/sophisticatedcore-1.20.1-1.2.122.1415 (2).jar
[22Feb2026 19:50:32.750] [main/DEBUG] [net.minecraftforge.fml.loading.moddiscovery.ModFileInfo/LOADING]: Found valid mod file sophisticatedcore-1.20.1-1.2.122.1415 (2).jar with {sophisticatedcore} mods - versions {1.2.122.1415}
[22Feb2026 19:50:32.751] [main/DEBUG] [net.minecraftforge.fml.loading.moddiscovery.ModFileParser/LOADING]: Considering mod file candidate /workspaces/COBLEMON/servidor_minecraft/mods/TPA++ - 1.6.0-1.20.x-UNTESTED-BETA-3.jar
[22Feb2026 19:50:32.752] [main/DEBUG] [net.minecraftforge.fml.loading.moddiscovery.ModFileInfo/LOADING]: Found valid mod file TPA++ - 1.6.0-1.20.x-UNTESTED-BETA-3.jar with {tpaplusplus} mods - versions {1.6.0-1.20.x-UNTESTED-BETA-3}
[22Feb2026 19:50:32.753] [main/DEBUG] [net.minecraftforge.fml.loading.moddiscovery.ModFileParser/LOADING]: Considering mod file candidate /workspaces/COBLEMON/servidor_minecraft/mods/waystones-forge-1.20.1-14.1.18.jar
[22Feb2026 19:50:32.753] [main/DEBUG] [net.minecraftforge.fml.loading.moddiscovery.ModFileInfo/LOADING]: Found valid mod file waystones-forge-1.20.1-14.1.18.jar with {waystones} mods - versions {14.1.18}
[22Feb2026 19:50:32.755] [main/DEBUG] [net.minecraftforge.fml.loading.moddiscovery.ModFileParser/LOADING]: Considering mod file candidate /workspaces/COBLEMON/servidor_minecraft/mods/xaerominimap-forge-1.20.1-25.3.5.jar
[22Feb2026 19:50:32.756] [main/DEBUG] [net.minecraftforge.fml.loading.moddiscovery.ModFileInfo/LOADING]: Found valid mod file xaerominimap-forge-1.20.1-25.3.5.jar with {xaerominimap} mods - versions {25.3.5}
[22Feb2026 19:50:32.757] [main/DEBUG] [net.minecraftforge.fml.loading.moddiscovery.ModFileParser/LOADING]: Considering mod file candidate /workspaces/COBLEMON/servidor_minecraft/mods/xaeroworldmap-forge-1.20.1-1.40.6.jar
[22Feb2026 19:50:32.758] [main/DEBUG] [net.minecraftforge.fml.loading.moddiscovery.ModFileInfo/LOADING]: Found valid mod file xaeroworldmap-forge-1.20.1-1.40.6.jar with {xaeroworldmap} mods - versions {1.40.6}
[22Feb2026 19:50:33.045] [main/DEBUG] [net.minecraftforge.fml.loading.moddiscovery.ModFileInfo/LOADING]: Found valid mod file server-1.20.1-20230612.114412-srg.jar with {minecraft} mods - versions {1.20.1}
[22Feb2026 19:50:33.047] [main/DEBUG] [net.minecraftforge.fml.loading.moddiscovery.ModFileParser/LOADING]: Considering mod file candidate /workspaces/COBLEMON/servidor_minecraft/libraries/net/minecraftforge/fmlcore/1.20.1-47.3.7/fmlcore-1.20.1-47.3.7.jar
[22Feb2026 19:50:33.047] [main/WARN] [net.minecraftforge.fml.loading.moddiscovery.ModFileParser/LOADING]: Mod file /workspaces/COBLEMON/servidor_minecraft/libraries/net/minecraftforge/fmlcore/1.20.1-47.3.7/fmlcore-1.20.1-47.3.7.jar is missing mods.toml file
[22Feb2026 19:50:33.050] [main/DEBUG] [net.minecraftforge.fml.loading.moddiscovery.ModFileParser/LOADING]: Considering mod file candidate /workspaces/COBLEMON/servidor_minecraft/libraries/net/minecraftforge/javafmllanguage/1.20.1-47.3.7/javafmllanguage-1.20.1-47.3.7.jar
[22Feb2026 19:50:33.050] [main/WARN] [net.minecraftforge.fml.loading.moddiscovery.ModFileParser/LOADING]: Mod file /workspaces/COBLEMON/servidor_minecraft/libraries/net/minecraftforge/javafmllanguage/1.20.1-47.3.7/javafmllanguage-1.20.1-47.3.7.jar is missing mods.toml file
[22Feb2026 19:50:33.051] [main/DEBUG] [net.minecraftforge.fml.loading.moddiscovery.ModFileParser/LOADING]: Considering mod file candidate /workspaces/COBLEMON/servidor_minecraft/libraries/net/minecraftforge/lowcodelanguage/1.20.1-47.3.7/lowcodelanguage-1.20.1-47.3.7.jar
[22Feb2026 19:50:33.051] [main/WARN] [net.minecraftforge.fml.loading.moddiscovery.ModFileParser/LOADING]: Mod file /workspaces/COBLEMON/servidor_minecraft/libraries/net/minecraftforge/lowcodelanguage/1.20.1-47.3.7/lowcodelanguage-1.20.1-47.3.7.jar is missing mods.toml file
[22Feb2026 19:50:33.052] [main/DEBUG] [net.minecraftforge.fml.loading.moddiscovery.ModFileParser/LOADING]: Considering mod file candidate /workspaces/COBLEMON/servidor_minecraft/libraries/net/minecraftforge/mclanguage/1.20.1-47.3.7/mclanguage-1.20.1-47.3.7.jar
[22Feb2026 19:50:33.052] [main/WARN] [net.minecraftforge.fml.loading.moddiscovery.ModFileParser/LOADING]: Mod file /workspaces/COBLEMON/servidor_minecraft/libraries/net/minecraftforge/mclanguage/1.20.1-47.3.7/mclanguage-1.20.1-47.3.7.jar is missing mods.toml file
[22Feb2026 19:50:33.121] [main/DEBUG] [net.minecraftforge.fml.loading.moddiscovery.ModFileParser/LOADING]: Considering mod file candidate /workspaces/COBLEMON/servidor_minecraft/libraries/net/minecraftforge/forge/1.20.1-47.3.7/forge-1.20.1-47.3.7-universal.jar
[22Feb2026 19:50:33.122] [main/DEBUG] [net.minecraftforge.fml.loading.moddiscovery.ModFileInfo/LOADING]: Found valid mod file forge-1.20.1-47.3.7-universal.jar with {forge} mods - versions {47.3.7}
[22Feb2026 19:50:33.132] [main/DEBUG] [net.minecraftforge.fml.loading.moddiscovery.AbstractJarFileDependencyLocator/]: Failed to load resource META-INF/jarjar/metadata.json from server-1.20.1-20230612.114412-srg.jar, it does not contain dependency information.
[22Feb2026 19:50:33.132] [main/DEBUG] [net.minecraftforge.fml.loading.moddiscovery.AbstractJarFileDependencyLocator/]: Failed to load resource META-INF/jarjar/metadata.json from Jade-1.20.1-Forge-11.13.2.jar, it does not contain dependency information.
[22Feb2026 19:50:33.132] [main/DEBUG] [net.minecraftforge.fml.loading.moddiscovery.AbstractJarFileDependencyLocator/]: Failed to load resource META-INF/jarjar/metadata.json from slugterra-1.3.1-forge-1.20.1.jar, it does not contain dependency information.
[22Feb2026 19:50:33.133] [main/DEBUG] [net.minecraftforge.fml.loading.moddiscovery.AbstractJarFileDependencyLocator/]: Failed to load resource META-INF/jarjar/metadata.json from jei-1.20.1-forge-15.20.0.129.jar, it does not contain dependency information.
[22Feb2026 19:50:33.133] [main/DEBUG] [net.minecraftforge.fml.loading.moddiscovery.AbstractJarFileDependencyLocator/]: Failed to load resource META-INF/jarjar/metadata.json from cleanswing-1.20-1.8.jar, it does not contain dependency information.
[22Feb2026 19:50:33.133] [main/DEBUG] [net.minecraftforge.fml.loading.moddiscovery.AbstractJarFileDependencyLocator/]: Failed to load resource META-INF/jarjar/metadata.json from sophisticatedcore-1.20.1-1.2.122.1415 (2).jar, it does not contain dependency information.
[22Feb2026 19:50:33.133] [main/DEBUG] [net.minecraftforge.fml.loading.moddiscovery.AbstractJarFileDependencyLocator/]: Failed to load resource META-INF/jarjar/metadata.json from kleeslabs-forge-1.20.1-15.0.11.jar, it does not contain dependency information.
[22Feb2026 19:50:33.133] [main/DEBUG] [net.minecraftforge.fml.loading.moddiscovery.AbstractJarFileDependencyLocator/]: Failed to load resource META-INF/jarjar/metadata.json from waystones-forge-1.20.1-14.1.18.jar, it does not contain dependency information.
[22Feb2026 19:50:33.133] [main/DEBUG] [net.minecraftforge.fml.loading.moddiscovery.AbstractJarFileDependencyLocator/]: Failed to load resource META-INF/jarjar/metadata.json from gravestone-forge-1.20.1-1.0.35.jar, it does not contain dependency information.
[22Feb2026 19:50:33.134] [main/DEBUG] [net.minecraftforge.fml.loading.moddiscovery.AbstractJarFileDependencyLocator/]: Failed to load resource META-INF/jarjar/metadata.json from collective-1.20.1-8.13.jar, it does not contain dependency information.
[22Feb2026 19:50:33.134] [main/DEBUG] [net.minecraftforge.fml.loading.moddiscovery.AbstractJarFileDependencyLocator/]: Failed to load resource META-INF/jarjar/metadata.json from TPA++ - 1.6.0-1.20.x-UNTESTED-BETA-3.jar, it does not contain dependency information.
[22Feb2026 19:50:33.134] [main/DEBUG] [net.minecraftforge.fml.loading.moddiscovery.AbstractJarFileDependencyLocator/]: Failed to load resource META-INF/jarjar/metadata.json from inventoryhud.forge.1.20.1-3.4.26.jar, it does not contain dependency information.
[22Feb2026 19:50:33.134] [main/DEBUG] [net.minecraftforge.fml.loading.moddiscovery.AbstractJarFileDependencyLocator/]: Failed to load resource META-INF/jarjar/metadata.json from sophisticatedbackpacks-1.20.1-3.24.20.1500 (2).jar, it does not contain dependency information.
[22Feb2026 19:50:33.134] [main/DEBUG] [net.minecraftforge.fml.loading.moddiscovery.AbstractJarFileDependencyLocator/]: Failed to load resource META-INF/jarjar/metadata.json from architectury-9.2.14-forge.jar, it does not contain dependency information.
[22Feb2026 19:50:33.134] [main/DEBUG] [net.minecraftforge.fml.loading.moddiscovery.AbstractJarFileDependencyLocator/]: Failed to load resource META-INF/jarjar/metadata.json from globalxp-forge-1.20.1-1.12.jar, it does not contain dependency information.
[22Feb2026 19:50:33.135] [main/DEBUG] [net.minecraftforge.fml.loading.moddiscovery.AbstractJarFileDependencyLocator/]: Failed to load resource META-INF/jarjar/metadata.json from JustEnoughResources-1.20.1-1.4.0.247.jar, it does not contain dependency information.
[22Feb2026 19:50:33.135] [main/DEBUG] [net.minecraftforge.fml.loading.moddiscovery.AbstractJarFileDependencyLocator/]: Failed to load resource META-INF/jarjar/metadata.json from forge-1.20.1-47.3.7-universal.jar, it does not contain dependency information.
[22Feb2026 19:50:33.135] [main/DEBUG] [net.minecraftforge.fml.loading.moddiscovery.AbstractJarFileDependencyLocator/]: Failed to load resource META-INF/jarjar/metadata.json from konkrete_forge_1.8.0_MC_1.20-1.20.1.jar, it does not contain dependency information.
[22Feb2026 19:50:33.135] [main/DEBUG] [net.minecraftforge.fml.loading.moddiscovery.AbstractJarFileDependencyLocator/]: Failed to load resource META-INF/jarjar/metadata.json from scaffoldingdropsnearby-1.20.1-3.4.jar, it does not contain dependency information.
[22Feb2026 19:50:33.135] [main/DEBUG] [net.minecraftforge.fml.loading.moddiscovery.AbstractJarFileDependencyLocator/]: Failed to load resource META-INF/jarjar/metadata.json from mclanguage-1.20.1-47.3.7.jar, it does not contain dependency information.
[22Feb2026 19:50:33.135] [main/DEBUG] [net.minecraftforge.fml.loading.moddiscovery.AbstractJarFileDependencyLocator/]: Failed to load resource META-INF/jarjar/metadata.json from javafmllanguage-1.20.1-47.3.7.jar, it does not contain dependency information.
[22Feb2026 19:50:33.135] [main/DEBUG] [net.minecraftforge.fml.loading.moddiscovery.AbstractJarFileDependencyLocator/]: Failed to load resource META-INF/jarjar/metadata.json from fmlcore-1.20.1-47.3.7.jar, it does not contain dependency information.
[22Feb2026 19:50:33.136] [main/DEBUG] [net.minecraftforge.fml.loading.moddiscovery.AbstractJarFileDependencyLocator/]: Failed to load resource META-INF/jarjar/metadata.json from lowcodelanguage-1.20.1-47.3.7.jar, it does not contain dependency information.
[22Feb2026 19:50:33.465] [main/DEBUG] [net.minecraftforge.fml.loading.moddiscovery.ModFileParser/LOADING]: Considering mod file candidate 
[22Feb2026 19:50:33.466] [main/DEBUG] [net.minecraftforge.fml.loading.moddiscovery.ModFileInfo/LOADING]: Found valid mod file ldlib-forge-1.20.1-1.0.42.jar with {ldlib} mods - versions {1.0.42}
[22Feb2026 19:50:33.476] [main/DEBUG] [net.minecraftforge.fml.loading.moddiscovery.ModFileParser/LOADING]: Considering mod file candidate 
[22Feb2026 19:50:33.477] [main/DEBUG] [net.minecraftforge.fml.loading.moddiscovery.ModFileInfo/LOADING]: Found valid mod file xaerolib-forge-1.20.1-1.0.45.jar with {xaerolib} mods - versions {1.0.45}
[22Feb2026 19:50:33.485] [main/DEBUG] [net.minecraftforge.fml.loading.moddiscovery.ModFileParser/LOADING]: Considering mod file candidate 
[22Feb2026 19:50:33.486] [main/DEBUG] [net.minecraftforge.fml.loading.moddiscovery.ModFileInfo/LOADING]: Found valid mod file xaerolib-forge-1.20.1-1.0.46.jar with {xaerolib} mods - versions {1.0.46}
[22Feb2026 19:50:33.488] [main/DEBUG] [net.minecraftforge.fml.loading.moddiscovery.ModFileParser/LOADING]: Considering mod file candidate 
[22Feb2026 19:50:33.489] [main/DEBUG] [net.minecraftforge.fml.loading.moddiscovery.ModFileInfo/LOADING]: Found valid mod file mixinextras-forge-0.3.5.jar with {mixinextras} mods - versions {0.3.5}
[22Feb2026 19:50:33.494] [main/DEBUG] [net.minecraftforge.fml.loading.moddiscovery.ModFileParser/LOADING]: Considering mod file candidate 
[22Feb2026 19:50:33.495] [main/DEBUG] [net.minecraftforge.fml.loading.moddiscovery.ModFileInfo/LOADING]: Found valid mod file kffmod-4.12.0.jar with {kotlinforforge} mods - versions {4.12.0}
[22Feb2026 19:50:33.496] [main/DEBUG] [net.minecraftforge.fml.loading.moddiscovery.ModFileParser/LOADING]: Considering mod file candidate 
[22Feb2026 19:50:33.497] [main/DEBUG] [net.minecraftforge.fml.loading.moddiscovery.ModFileInfo/LOADING]: Found valid mod file kuma-api-forge-20.1.12+1.20.1.jar with {kuma_api} mods - versions {20.1.12}
[22Feb2026 19:50:33.511] [main/DEBUG] [net.minecraftforge.fml.loading.moddiscovery.ModFileParser/LOADING]: Considering mod file candidate 
[22Feb2026 19:50:33.512] [main/DEBUG] [net.minecraftforge.fml.loading.moddiscovery.ModFileInfo/LOADING]: Found valid mod file mixinextras-forge-0.3.5.jar with {mixinextras} mods - versions {0.3.5}
[22Feb2026 19:50:33.512] [main/DEBUG] [net.minecraftforge.fml.loading.moddiscovery.AbstractJarFileDependencyLocator/]: Failed to load resource META-INF/jarjar/metadata.json from mclib-20.jar, it does not contain dependency information.
[22Feb2026 19:50:33.512] [main/DEBUG] [net.minecraftforge.fml.loading.moddiscovery.AbstractJarFileDependencyLocator/]: Failed to load resource META-INF/jarjar/metadata.json from xaerolib-forge-1.20.1-1.0.45.jar, it does not contain dependency information.
[22Feb2026 19:50:33.512] [main/DEBUG] [net.minecraftforge.fml.loading.moddiscovery.AbstractJarFileDependencyLocator/]: Failed to load resource META-INF/jarjar/metadata.json from xaerolib-forge-1.20.1-1.0.46.jar, it does not contain dependency information.
[22Feb2026 19:50:33.516] [main/DEBUG] [net.minecraftforge.fml.loading.moddiscovery.AbstractJarFileDependencyLocator/]: Failed to load resource META-INF/jarjar/metadata.json from kfflang-4.12.0.jar, it does not contain dependency information.
[22Feb2026 19:50:33.516] [main/DEBUG] [net.minecraftforge.fml.loading.moddiscovery.AbstractJarFileDependencyLocator/]: Failed to load resource META-INF/jarjar/metadata.json from kfflib-4.12.0.jar, it does not contain dependency information.
[22Feb2026 19:50:33.516] [main/DEBUG] [net.minecraftforge.fml.loading.moddiscovery.AbstractJarFileDependencyLocator/]: Failed to load resource META-INF/jarjar/metadata.json from kffmod-4.12.0.jar, it does not contain dependency information.
[22Feb2026 19:50:33.516] [main/DEBUG] [net.minecraftforge.fml.loading.moddiscovery.AbstractJarFileDependencyLocator/]: Failed to load resource META-INF/jarjar/metadata.json from kuma-api-forge-20.1.12+1.20.1.jar, it does not contain dependency information.
[22Feb2026 19:50:33.517] [main/DEBUG] [net.minecraftforge.fml.loading.moddiscovery.AbstractJarFileDependencyLocator/]: Failed to load resource META-INF/jarjar/metadata.json from MixinExtras-0.5.0.jar, it does not contain dependency information.
[22Feb2026 19:50:33.520] [main/DEBUG] [net.minecraftforge.fml.loading.moddiscovery.AbstractJarFileDependencyLocator/]: Failed to load resource META-INF/jarjar/metadata.json from MixinExtras-0.3.5.jar, it does not contain dependency information.
[22Feb2026 19:50:33.520] [main/DEBUG] [net.minecraftforge.fml.loading.moddiscovery.AbstractJarFileDependencyLocator/]: Failed to load resource META-INF/jarjar/metadata.json from MixinExtras-0.3.5.jar, it does not contain dependency information.
[22Feb2026 19:50:33.545] [main/DEBUG] [net.minecraftforge.fml.loading.moddiscovery.ModFileParser/LOADING]: Considering mod file candidate 
[22Feb2026 19:50:33.546] [main/DEBUG] [net.minecraftforge.fml.loading.moddiscovery.ModFileInfo/LOADING]: Found valid mod file xaerolib-forge-1.20.1-1.0.45.jar with {xaerolib} mods - versions {1.0.45}
[22Feb2026 19:50:33.565] [main/DEBUG] [net.minecraftforge.fml.loading.moddiscovery.ModFileParser/LOADING]: Considering mod file candidate 
[22Feb2026 19:50:33.566] [main/DEBUG] [net.minecraftforge.fml.loading.moddiscovery.ModFileInfo/LOADING]: Found valid mod file ldlib-forge-1.20.1-1.0.42.jar with {ldlib} mods - versions {1.0.42}
[22Feb2026 19:50:33.569] [main/DEBUG] [net.minecraftforge.fml.loading.moddiscovery.ModFileParser/LOADING]: Considering mod file candidate 
[22Feb2026 19:50:33.569] [main/DEBUG] [net.minecraftforge.fml.loading.moddiscovery.ModFileInfo/LOADING]: Found valid mod file kffmod-4.12.0.jar with {kotlinforforge} mods - versions {4.12.0}
[22Feb2026 19:50:33.573] [main/DEBUG] [net.minecraftforge.fml.loading.moddiscovery.ModFileParser/LOADING]: Considering mod file candidate 
[22Feb2026 19:50:33.573] [main/DEBUG] [net.minecraftforge.fml.loading.moddiscovery.ModFileInfo/LOADING]: Found valid mod file kuma-api-forge-20.1.12+1.20.1.jar with {kuma_api} mods - versions {20.1.12}
[22Feb2026 19:50:33.584] [main/INFO] [net.minecraftforge.fml.loading.moddiscovery.JarInJarDependencyLocator/]: Found 9 dependencies adding them to mods collection
[22Feb2026 19:50:33.586] [main/DEBUG] [net.minecraftforge.fml.loading.moddiscovery.ModFileInfo/LOADING]: Found valid mod file server-1.20.1-20230612.114412-srg.jar with {minecraft} mods - versions {1.20.1}
[22Feb2026 19:50:33.588] [main/DEBUG] [net.minecraftforge.fml.loading.moddiscovery.ModFile/LOADING]: Loading mod file /workspaces/COBLEMON/servidor_minecraft/libraries/net/minecraft/server/1.20.1-20230612.114412/server-1.20.1-20230612.114412-srg.jar with languages [LanguageSpec[languageName=minecraft, acceptedVersions=1]]
[22Feb2026 19:50:33.589] [main/DEBUG] [net.minecraftforge.fml.loading.moddiscovery.ModFileParser/LOADING]: Considering mod file candidate 
[22Feb2026 19:50:33.589] [main/DEBUG] [net.minecraftforge.fml.loading.moddiscovery.ModFileInfo/LOADING]: Found valid mod file kuma-api-forge-20.1.12+1.20.1.jar with {kuma_api} mods - versions {20.1.12}
[22Feb2026 19:50:33.589] [main/DEBUG] [net.minecraftforge.fml.loading.moddiscovery.ModFile/LOADING]: Loading mod file  with languages [LanguageSpec[languageName=javafml, acceptedVersions=[47,)]]
[22Feb2026 19:50:33.590] [main/DEBUG] [net.minecraftforge.fml.loading.moddiscovery.ModFileParser/LOADING]: Considering mod file candidate /workspaces/COBLEMON/servidor_minecraft/mods/Jade-1.20.1-Forge-11.13.2.jar
[22Feb2026 19:50:33.590] [main/DEBUG] [net.minecraftforge.fml.loading.moddiscovery.ModFileInfo/LOADING]: Found valid mod file Jade-1.20.1-Forge-11.13.2.jar with {jade} mods - versions {11.13.2+forge}
[22Feb2026 19:50:33.590] [main/DEBUG] [net.minecraftforge.fml.loading.moddiscovery.ModFile/LOADING]: Loading mod file /workspaces/COBLEMON/servidor_minecraft/mods/Jade-1.20.1-Forge-11.13.2.jar with languages [LanguageSpec[languageName=javafml, acceptedVersions=[46,)]]
[22Feb2026 19:50:33.590] [main/DEBUG] [net.minecraftforge.fml.loading.moddiscovery.ModFileParser/LOADING]: Considering mod file candidate /workspaces/COBLEMON/servidor_minecraft/mods/geckolib-forge-1.20.1-4.8.2 (1).jar
[22Feb2026 19:50:33.591] [main/DEBUG] [net.minecraftforge.fml.loading.moddiscovery.ModFileInfo/LOADING]: Found valid mod file geckolib-forge-1.20.1-4.8.2 (1).jar with {geckolib} mods - versions {4.8.2}
[22Feb2026 19:50:33.591] [main/DEBUG] [net.minecraftforge.fml.loading.moddiscovery.ModFile/LOADING]: Loading mod file /workspaces/COBLEMON/servidor_minecraft/mods/geckolib-forge-1.20.1-4.8.2 (1).jar with languages [LanguageSpec[languageName=javafml, acceptedVersions=[47,)]]
[22Feb2026 19:50:33.591] [main/DEBUG] [net.minecraftforge.fml.loading.moddiscovery.ModFileParser/LOADING]: Considering mod file candidate /workspaces/COBLEMON/servidor_minecraft/mods/slugterra-1.3.1-forge-1.20.1.jar
[22Feb2026 19:50:33.592] [main/DEBUG] [net.minecraftforge.fml.loading.moddiscovery.ModFileInfo/LOADING]: Found valid mod file slugterra-1.3.1-forge-1.20.1.jar with {slugterra} mods - versions {1.3.1}
[22Feb2026 19:50:33.592] [main/DEBUG] [net.minecraftforge.fml.loading.moddiscovery.ModFile/LOADING]: Loading mod file /workspaces/COBLEMON/servidor_minecraft/mods/slugterra-1.3.1-forge-1.20.1.jar with languages [LanguageSpec[languageName=javafml, acceptedVersions=[47,)]]
[22Feb2026 19:50:33.592] [main/DEBUG] [net.minecraftforge.fml.loading.moddiscovery.ModFileParser/LOADING]: Considering mod file candidate /workspaces/COBLEMON/servidor_minecraft/mods/cleanswing-1.20-1.8.jar
[22Feb2026 19:50:33.593] [main/DEBUG] [net.minecraftforge.fml.loading.moddiscovery.ModFileInfo/LOADING]: Found valid mod file cleanswing-1.20-1.8.jar with {cleanswing} mods - versions {1.8}
[22Feb2026 19:50:33.593] [main/DEBUG] [net.minecraftforge.fml.loading.moddiscovery.ModFile/LOADING]: Loading mod file /workspaces/COBLEMON/servidor_minecraft/mods/cleanswing-1.20-1.8.jar with languages [LanguageSpec[languageName=javafml, acceptedVersions=[36,)]]
[22Feb2026 19:50:33.593] [main/DEBUG] [net.minecraftforge.fml.loading.moddiscovery.ModFileParser/LOADING]: Considering mod file candidate /workspaces/COBLEMON/servidor_minecraft/mods/jei-1.20.1-forge-15.20.0.129.jar
[22Feb2026 19:50:33.594] [main/DEBUG] [net.minecraftforge.fml.loading.moddiscovery.ModFileInfo/LOADING]: Found valid mod file jei-1.20.1-forge-15.20.0.129.jar with {jei} mods - versions {15.20.0.129}
[22Feb2026 19:50:33.594] [main/DEBUG] [net.minecraftforge.fml.loading.moddiscovery.ModFile/LOADING]: Loading mod file /workspaces/COBLEMON/servidor_minecraft/mods/jei-1.20.1-forge-15.20.0.129.jar with languages [LanguageSpec[languageName=javafml, acceptedVersions=[47,)]]
[22Feb2026 19:50:33.594] [main/DEBUG] [net.minecraftforge.fml.loading.moddiscovery.ModFileParser/LOADING]: Considering mod file candidate 
[22Feb2026 19:50:33.595] [main/DEBUG] [net.minecraftforge.fml.loading.moddiscovery.ModFileInfo/LOADING]: Found valid mod file xaerolib-forge-1.20.1-1.0.45.jar with {xaerolib} mods - versions {1.0.45}
[22Feb2026 19:50:33.595] [main/DEBUG] [net.minecraftforge.fml.loading.moddiscovery.ModFile/LOADING]: Loading mod file  with languages [LanguageSpec[languageName=javafml, acceptedVersions=[46,48)]]
[22Feb2026 19:50:33.595] [main/DEBUG] [net.minecraftforge.fml.loading.moddiscovery.ModFileParser/LOADING]: Considering mod file candidate 
[22Feb2026 19:50:33.595] [main/DEBUG] [net.minecraftforge.fml.loading.moddiscovery.ModFileInfo/LOADING]: Found valid mod file kffmod-4.12.0.jar with {kotlinforforge} mods - versions {4.12.0}
[22Feb2026 19:50:33.595] [main/DEBUG] [net.minecraftforge.fml.loading.moddiscovery.ModFile/LOADING]: Loading mod file  with languages [LanguageSpec[languageName=kotlinforforge, acceptedVersions=[4,)]]
[22Feb2026 19:50:33.596] [main/DEBUG] [net.minecraftforge.fml.loading.moddiscovery.ModFileParser/LOADING]: Considering mod file candidate /workspaces/COBLEMON/servidor_minecraft/mods/kleeslabs-forge-1.20.1-15.0.11.jar
[22Feb2026 19:50:33.596] [main/DEBUG] [net.minecraftforge.fml.loading.moddiscovery.ModFileInfo/LOADING]: Found valid mod file kleeslabs-forge-1.20.1-15.0.11.jar with {kleeslabs} mods - versions {15.0.11}
[22Feb2026 19:50:33.596] [main/DEBUG] [net.minecraftforge.fml.loading.moddiscovery.ModFile/LOADING]: Loading mod file /workspaces/COBLEMON/servidor_minecraft/mods/kleeslabs-forge-1.20.1-15.0.11.jar with languages [LanguageSpec[languageName=javafml, acceptedVersions=[46,)]]
[22Feb2026 19:50:33.596] [main/DEBUG] [net.minecraftforge.fml.loading.moddiscovery.ModFileParser/LOADING]: Considering mod file candidate /workspaces/COBLEMON/servidor_minecraft/mods/sophisticatedcore-1.20.1-1.2.122.1415 (2).jar
[22Feb2026 19:50:33.597] [main/DEBUG] [net.minecraftforge.fml.loading.moddiscovery.ModFileInfo/LOADING]: Found valid mod file sophisticatedcore-1.20.1-1.2.122.1415 (2).jar with {sophisticatedcore} mods - versions {1.2.122.1415}
[22Feb2026 19:50:33.597] [main/DEBUG] [net.minecraftforge.fml.loading.moddiscovery.ModFile/LOADING]: Loading mod file /workspaces/COBLEMON/servidor_minecraft/mods/sophisticatedcore-1.20.1-1.2.122.1415 (2).jar with languages [LanguageSpec[languageName=javafml, acceptedVersions=[47,)]]
[22Feb2026 19:50:33.597] [main/DEBUG] [net.minecraftforge.fml.loading.moddiscovery.ModFileParser/LOADING]: Considering mod file candidate /workspaces/COBLEMON/servidor_minecraft/mods/waystones-forge-1.20.1-14.1.18.jar
[22Feb2026 19:50:33.597] [main/DEBUG] [net.minecraftforge.fml.loading.moddiscovery.ModFileInfo/LOADING]: Found valid mod file waystones-forge-1.20.1-14.1.18.jar with {waystones} mods - versions {14.1.18}
[22Feb2026 19:50:33.597] [main/DEBUG] [net.minecraftforge.fml.loading.moddiscovery.ModFile/LOADING]: Loading mod file /workspaces/COBLEMON/servidor_minecraft/mods/waystones-forge-1.20.1-14.1.18.jar with languages [LanguageSpec[languageName=javafml, acceptedVersions=[46,)]]
[22Feb2026 19:50:33.598] [main/DEBUG] [net.minecraftforge.fml.loading.moddiscovery.ModFileParser/LOADING]: Considering mod file candidate /workspaces/COBLEMON/servidor_minecraft/mods/xaerominimap-forge-1.20.1-25.3.5.jar
[22Feb2026 19:50:33.598] [main/DEBUG] [net.minecraftforge.fml.loading.moddiscovery.ModFileInfo/LOADING]: Found valid mod file xaerominimap-forge-1.20.1-25.3.5.jar with {xaerominimap} mods - versions {25.3.5}
[22Feb2026 19:50:33.598] [main/DEBUG] [net.minecraftforge.fml.loading.moddiscovery.ModFile/LOADING]: Loading mod file /workspaces/COBLEMON/servidor_minecraft/mods/xaerominimap-forge-1.20.1-25.3.5.jar with languages [LanguageSpec[languageName=javafml, acceptedVersions=[46,48)]]
[22Feb2026 19:50:33.600] [main/DEBUG] [net.minecraftforge.fml.loading.moddiscovery.ModFileParser/LOADING]: Found coremod xaerohud_core with Javascript path META-INF/xaerohud_core.js
[22Feb2026 19:50:33.600] [main/DEBUG] [net.minecraftforge.fml.loading.moddiscovery.ModFile/LOADING]: Found coremod META-INF/xaerohud_core.js
[22Feb2026 19:50:33.600] [main/DEBUG] [net.minecraftforge.fml.loading.moddiscovery.ModFileParser/LOADING]: Considering mod file candidate /workspaces/COBLEMON/servidor_minecraft/mods/collective-1.20.1-8.13.jar
[22Feb2026 19:50:33.601] [main/DEBUG] [net.minecraftforge.fml.loading.moddiscovery.ModFileInfo/LOADING]: Found valid mod file collective-1.20.1-8.13.jar with {collective} mods - versions {8.13}
[22Feb2026 19:50:33.601] [main/DEBUG] [net.minecraftforge.fml.loading.moddiscovery.ModFile/LOADING]: Loading mod file /workspaces/COBLEMON/servidor_minecraft/mods/collective-1.20.1-8.13.jar with languages [LanguageSpec[languageName=javafml, acceptedVersions=*]]
[22Feb2026 19:50:33.601] [main/DEBUG] [net.minecraftforge.fml.loading.moddiscovery.ModFileParser/LOADING]: Considering mod file candidate /workspaces/COBLEMON/servidor_minecraft/mods/gravestone-forge-1.20.1-1.0.35.jar
[22Feb2026 19:50:33.601] [main/DEBUG] [net.minecraftforge.fml.loading.moddiscovery.ModFileInfo/LOADING]: Found valid mod file gravestone-forge-1.20.1-1.0.35.jar with {gravestone} mods - versions {1.20.1-1.0.35}
[22Feb2026 19:50:33.601] [main/DEBUG] [net.minecraftforge.fml.loading.moddiscovery.ModFile/LOADING]: Loading mod file /workspaces/COBLEMON/servidor_minecraft/mods/gravestone-forge-1.20.1-1.0.35.jar with languages [LanguageSpec[languageName=javafml, acceptedVersions=*]]
[22Feb2026 19:50:33.602] [main/DEBUG] [net.minecraftforge.fml.loading.moddiscovery.ModFileParser/LOADING]: Considering mod file candidate /workspaces/COBLEMON/servidor_minecraft/mods/TPA++ - 1.6.0-1.20.x-UNTESTED-BETA-3.jar
[22Feb2026 19:50:33.602] [main/DEBUG] [net.minecraftforge.fml.loading.moddiscovery.ModFileInfo/LOADING]: Found valid mod file TPA++ - 1.6.0-1.20.x-UNTESTED-BETA-3.jar with {tpaplusplus} mods - versions {1.6.0-1.20.x-UNTESTED-BETA-3}
[22Feb2026 19:50:33.602] [main/DEBUG] [net.minecraftforge.fml.loading.moddiscovery.ModFile/LOADING]: Loading mod file /workspaces/COBLEMON/servidor_minecraft/mods/TPA++ - 1.6.0-1.20.x-UNTESTED-BETA-3.jar with languages [LanguageSpec[languageName=javafml, acceptedVersions=>=46]]
[22Feb2026 19:50:33.602] [main/DEBUG] [net.minecraftforge.fml.loading.moddiscovery.ModFileParser/LOADING]: Considering mod file candidate /workspaces/COBLEMON/servidor_minecraft/mods/xaeroworldmap-forge-1.20.1-1.40.6.jar
[22Feb2026 19:50:33.603] [main/DEBUG] [net.minecraftforge.fml.loading.moddiscovery.ModFileInfo/LOADING]: Found valid mod file xaeroworldmap-forge-1.20.1-1.40.6.jar with {xaeroworldmap} mods - versions {1.40.6}
[22Feb2026 19:50:33.603] [main/DEBUG] [net.minecraftforge.fml.loading.moddiscovery.ModFile/LOADING]: Loading mod file /workspaces/COBLEMON/servidor_minecraft/mods/xaeroworldmap-forge-1.20.1-1.40.6.jar with languages [LanguageSpec[languageName=javafml, acceptedVersions=[46,48)]]
[22Feb2026 19:50:33.603] [main/DEBUG] [net.minecraftforge.fml.loading.moddiscovery.ModFileParser/LOADING]: Found coremod xaeroworldmap_core with Javascript path META-INF/xaeroworldmap_core.js
[22Feb2026 19:50:33.603] [main/DEBUG] [net.minecraftforge.fml.loading.moddiscovery.ModFile/LOADING]: Found coremod META-INF/xaeroworldmap_core.js
[22Feb2026 19:50:33.603] [main/DEBUG] [net.minecraftforge.fml.loading.moddiscovery.ModFileParser/LOADING]: Considering mod file candidate /workspaces/COBLEMON/servidor_minecraft/mods/inventoryhud.forge.1.20.1-3.4.26.jar
[22Feb2026 19:50:33.604] [main/DEBUG] [net.minecraftforge.fml.loading.moddiscovery.ModFileInfo/LOADING]: Found valid mod file inventoryhud.forge.1.20.1-3.4.26.jar with {inventoryhud} mods - versions {3.4.26}
[22Feb2026 19:50:33.604] [main/DEBUG] [net.minecraftforge.fml.loading.moddiscovery.ModFile/LOADING]: Loading mod file /workspaces/COBLEMON/servidor_minecraft/mods/inventoryhud.forge.1.20.1-3.4.26.jar with languages [LanguageSpec[languageName=javafml, acceptedVersions=[46,50)]]
[22Feb2026 19:50:33.604] [main/DEBUG] [net.minecraftforge.fml.loading.moddiscovery.ModFileParser/LOADING]: Considering mod file candidate /workspaces/COBLEMON/servidor_minecraft/mods/sophisticatedbackpacks-1.20.1-3.24.20.1500 (2).jar
[22Feb2026 19:50:33.605] [main/DEBUG] [net.minecraftforge.fml.loading.moddiscovery.ModFileInfo/LOADING]: Found valid mod file sophisticatedbackpacks-1.20.1-3.24.20.1500 (2).jar with {sophisticatedbackpacks} mods - versions {3.24.20.1500}
[22Feb2026 19:50:33.605] [main/DEBUG] [net.minecraftforge.fml.loading.moddiscovery.ModFile/LOADING]: Loading mod file /workspaces/COBLEMON/servidor_minecraft/mods/sophisticatedbackpacks-1.20.1-3.24.20.1500 (2).jar with languages [LanguageSpec[languageName=javafml, acceptedVersions=[47,)]]
[22Feb2026 19:50:33.605] [main/DEBUG] [net.minecraftforge.fml.loading.moddiscovery.ModFileParser/LOADING]: Considering mod file candidate /workspaces/COBLEMON/servidor_minecraft/mods/architectury-9.2.14-forge.jar
[22Feb2026 19:50:33.606] [main/DEBUG] [net.minecraftforge.fml.loading.moddiscovery.ModFileInfo/LOADING]: Found valid mod file architectury-9.2.14-forge.jar with {architectury} mods - versions {9.2.14}
[22Feb2026 19:50:33.606] [main/DEBUG] [net.minecraftforge.fml.loading.moddiscovery.ModFile/LOADING]: Loading mod file /workspaces/COBLEMON/servidor_minecraft/mods/architectury-9.2.14-forge.jar with languages [LanguageSpec[languageName=javafml, acceptedVersions=[46,)]]
[22Feb2026 19:50:33.606] [main/DEBUG] [net.minecraftforge.fml.loading.moddiscovery.ModFileParser/LOADING]: Considering mod file candidate 
[22Feb2026 19:50:33.606] [main/DEBUG] [net.minecraftforge.fml.loading.moddiscovery.ModFileInfo/LOADING]: Found valid mod file ldlib-forge-1.20.1-1.0.42.jar with {ldlib} mods - versions {1.0.42}
[22Feb2026 19:50:33.606] [main/DEBUG] [net.minecraftforge.fml.loading.moddiscovery.ModFile/LOADING]: Loading mod file  with languages [LanguageSpec[languageName=javafml, acceptedVersions=[47,)]]
[22Feb2026 19:50:33.606] [main/DEBUG] [net.minecraftforge.fml.loading.moddiscovery.ModFileParser/LOADING]: Considering mod file candidate /workspaces/COBLEMON/servidor_minecraft/mods/globalxp-forge-1.20.1-1.12.jar
[22Feb2026 19:50:33.607] [main/DEBUG] [net.minecraftforge.fml.loading.moddiscovery.ModFileInfo/LOADING]: Found valid mod file globalxp-forge-1.20.1-1.12.jar with {globalxp} mods - versions {1.12}
[22Feb2026 19:50:33.607] [main/DEBUG] [net.minecraftforge.fml.loading.moddiscovery.ModFile/LOADING]: Loading mod file /workspaces/COBLEMON/servidor_minecraft/mods/globalxp-forge-1.20.1-1.12.jar with languages [LanguageSpec[languageName=javafml, acceptedVersions=[46,)]]
[22Feb2026 19:50:33.607] [main/DEBUG] [net.minecraftforge.fml.loading.moddiscovery.ModFileParser/LOADING]: Considering mod file candidate /workspaces/COBLEMON/servidor_minecraft/mods/balm-forge-1.20.1-7.3.38-all.jar
[22Feb2026 19:50:33.607] [main/DEBUG] [net.minecraftforge.fml.loading.moddiscovery.ModFileInfo/LOADING]: Found valid mod file balm-forge-1.20.1-7.3.38-all.jar with {balm} mods - versions {7.3.38}
[22Feb2026 19:50:33.608] [main/DEBUG] [net.minecraftforge.fml.loading.moddiscovery.ModFile/LOADING]: Loading mod file /workspaces/COBLEMON/servidor_minecraft/mods/balm-forge-1.20.1-7.3.38-all.jar with languages [LanguageSpec[languageName=javafml, acceptedVersions=[46,)]]
[22Feb2026 19:50:33.608] [main/DEBUG] [net.minecraftforge.fml.loading.moddiscovery.ModFileParser/LOADING]: Considering mod file candidate /workspaces/COBLEMON/servidor_minecraft/mods/photon-forge-1.20.1-1.1.17.jar
[22Feb2026 19:50:33.608] [main/DEBUG] [net.minecraftforge.fml.loading.moddiscovery.ModFileInfo/LOADING]: Found valid mod file photon-forge-1.20.1-1.1.17.jar with {photon} mods - versions {1.1.17}
[22Feb2026 19:50:33.608] [main/DEBUG] [net.minecraftforge.fml.loading.moddiscovery.ModFile/LOADING]: Loading mod file /workspaces/COBLEMON/servidor_minecraft/mods/photon-forge-1.20.1-1.1.17.jar with languages [LanguageSpec[languageName=javafml, acceptedVersions=[47,)]]
[22Feb2026 19:50:33.608] [main/DEBUG] [net.minecraftforge.fml.loading.moddiscovery.ModFileParser/LOADING]: Considering mod file candidate /workspaces/COBLEMON/servidor_minecraft/mods/justzoom_forge_2.1.1_MC_1.20.1.jar
[22Feb2026 19:50:33.609] [main/DEBUG] [net.minecraftforge.fml.loading.moddiscovery.ModFileInfo/LOADING]: Found valid mod file justzoom_forge_2.1.1_MC_1.20.1.jar with {justzoom} mods - versions {2.1.1}
[22Feb2026 19:50:33.609] [main/DEBUG] [net.minecraftforge.fml.loading.moddiscovery.ModFile/LOADING]: Loading mod file /workspaces/COBLEMON/servidor_minecraft/mods/justzoom_forge_2.1.1_MC_1.20.1.jar with languages [LanguageSpec[languageName=javafml, acceptedVersions=[47,)]]
[22Feb2026 19:50:33.609] [main/DEBUG] [net.minecraftforge.fml.loading.moddiscovery.ModFileParser/LOADING]: Considering mod file candidate /workspaces/COBLEMON/servidor_minecraft/mods/JustEnoughResources-1.20.1-1.4.0.247.jar
[22Feb2026 19:50:33.609] [main/DEBUG] [net.minecraftforge.fml.loading.moddiscovery.ModFileInfo/LOADING]: Found valid mod file JustEnoughResources-1.20.1-1.4.0.247.jar with {jeresources} mods - versions {1.4.0.247}
[22Feb2026 19:50:33.610] [main/DEBUG] [net.minecraftforge.fml.loading.moddiscovery.ModFile/LOADING]: Loading mod file /workspaces/COBLEMON/servidor_minecraft/mods/JustEnoughResources-1.20.1-1.4.0.247.jar with languages [LanguageSpec[languageName=javafml, acceptedVersions=[47,)]]
[22Feb2026 19:50:33.610] [main/DEBUG] [net.minecraftforge.fml.loading.moddiscovery.ModFileParser/LOADING]: Considering mod file candidate /workspaces/COBLEMON/servidor_minecraft/libraries/net/minecraftforge/forge/1.20.1-47.3.7/forge-1.20.1-47.3.7-universal.jar
[22Feb2026 19:50:33.610] [main/DEBUG] [net.minecraftforge.fml.loading.moddiscovery.ModFileInfo/LOADING]: Found valid mod file forge-1.20.1-47.3.7-universal.jar with {forge} mods - versions {47.3.7}
[22Feb2026 19:50:33.610] [main/DEBUG] [net.minecraftforge.fml.loading.moddiscovery.ModFile/LOADING]: Loading mod file /workspaces/COBLEMON/servidor_minecraft/libraries/net/minecraftforge/forge/1.20.1-47.3.7/forge-1.20.1-47.3.7-universal.jar with languages [LanguageSpec[languageName=javafml, acceptedVersions=[24,]]]
[22Feb2026 19:50:33.611] [main/DEBUG] [net.minecraftforge.fml.loading.moddiscovery.ModFileParser/LOADING]: Found coremod field_to_method with Javascript path coremods/field_to_method.js
[22Feb2026 19:50:33.611] [main/DEBUG] [net.minecraftforge.fml.loading.moddiscovery.ModFileParser/LOADING]: Found coremod field_to_instanceof with Javascript path coremods/field_to_instanceof.js
[22Feb2026 19:50:33.611] [main/DEBUG] [net.minecraftforge.fml.loading.moddiscovery.ModFileParser/LOADING]: Found coremod add_bouncer_method with Javascript path coremods/add_bouncer_method.js
[22Feb2026 19:50:33.611] [main/DEBUG] [net.minecraftforge.fml.loading.moddiscovery.ModFileParser/LOADING]: Found coremod method_redirector with Javascript path coremods/method_redirector.js
[22Feb2026 19:50:33.611] [main/DEBUG] [net.minecraftforge.fml.loading.moddiscovery.ModFile/LOADING]: Found coremod coremods/field_to_method.js
[22Feb2026 19:50:33.611] [main/DEBUG] [net.minecraftforge.fml.loading.moddiscovery.ModFile/LOADING]: Found coremod coremods/field_to_instanceof.js
[22Feb2026 19:50:33.611] [main/DEBUG] [net.minecraftforge.fml.loading.moddiscovery.ModFile/LOADING]: Found coremod coremods/add_bouncer_method.js
[22Feb2026 19:50:33.611] [main/DEBUG] [net.minecraftforge.fml.loading.moddiscovery.ModFile/LOADING]: Found coremod coremods/method_redirector.js
[22Feb2026 19:50:33.611] [main/DEBUG] [net.minecraftforge.fml.loading.moddiscovery.ModFileParser/LOADING]: Considering mod file candidate /workspaces/COBLEMON/servidor_minecraft/mods/konkrete_forge_1.8.0_MC_1.20-1.20.1.jar
[22Feb2026 19:50:33.612] [main/DEBUG] [net.minecraftforge.fml.loading.moddiscovery.ModFileInfo/LOADING]: Found valid mod file konkrete_forge_1.8.0_MC_1.20-1.20.1.jar with {konkrete} mods - versions {1.8.0}
[22Feb2026 19:50:33.612] [main/DEBUG] [net.minecraftforge.fml.loading.moddiscovery.ModFile/LOADING]: Loading mod file /workspaces/COBLEMON/servidor_minecraft/mods/konkrete_forge_1.8.0_MC_1.20-1.20.1.jar with languages [LanguageSpec[languageName=javafml, acceptedVersions=[46,)]]
[22Feb2026 19:50:33.612] [main/DEBUG] [net.minecraftforge.fml.loading.moddiscovery.ModFileParser/LOADING]: Considering mod file candidate /workspaces/COBLEMON/servidor_minecraft/mods/scaffoldingdropsnearby-1.20.1-3.4.jar
[22Feb2026 19:50:33.612] [main/DEBUG] [net.minecraftforge.fml.loading.moddiscovery.ModFileInfo/LOADING]: Found valid mod file scaffoldingdropsnearby-1.20.1-3.4.jar with {scaffoldingdropsnearby} mods - versions {3.4}
[22Feb2026 19:50:33.613] [main/DEBUG] [net.minecraftforge.fml.loading.moddiscovery.ModFile/LOADING]: Loading mod file /workspaces/COBLEMON/servidor_minecraft/mods/scaffoldingdropsnearby-1.20.1-3.4.jar with languages [LanguageSpec[languageName=javafml, acceptedVersions=*]]
[22Feb2026 19:50:33.613] [main/DEBUG] [net.minecraftforge.fml.loading.moddiscovery.ModFile/LOADING]: Loading mod file  with languages []
[22Feb2026 19:50:33.613] [main/DEBUG] [net.minecraftforge.fml.loading.moddiscovery.ModFile/LOADING]: Loading mod file  with languages []
[22Feb2026 19:50:33.613] [main/DEBUG] [net.minecraftforge.fml.loading.moddiscovery.ModFile/LOADING]: Loading mod file  with languages []
[22Feb2026 19:50:33.613] [main/DEBUG] [net.minecraftforge.fml.loading.moddiscovery.ModFile/LOADING]: Loading mod file  with languages []
[22Feb2026 19:50:33.613] [main/DEBUG] [net.minecraftforge.fml.loading.moddiscovery.ModFile/LOADING]: Loading mod file  with languages []
[22Feb2026 19:50:33.613] [main/DEBUG] [net.minecraftforge.fml.loading.moddiscovery.ModFile/LOADING]: Loading mod file  with languages []
[22Feb2026 19:50:33.613] [main/DEBUG] [net.minecraftforge.fml.loading.moddiscovery.ModFile/LOADING]: Loading mod file  with languages []
[22Feb2026 19:50:33.614] [main/DEBUG] [net.minecraftforge.fml.loading.moddiscovery.ModFile/LOADING]: Loading mod file  with languages []
[22Feb2026 19:50:33.614] [main/DEBUG] [cpw.mods.modlauncher.TransformationServiceDecorator/MODLAUNCHER]: End scan trigger - transformation service fml
[22Feb2026 19:50:33.624] [main/DEBUG] [net.minecraftforge.fml.loading.LanguageLoadingProvider/CORE]: Found 4 language providers
[22Feb2026 19:50:33.625] [main/DEBUG] [net.minecraftforge.fml.loading.LanguageLoadingProvider/CORE]: Found language provider minecraft, version 1.0
[22Feb2026 19:50:33.625] [main/DEBUG] [net.minecraftforge.fml.loading.LanguageLoadingProvider/CORE]: Found language provider kotlinforforge, version 4.12.0
[22Feb2026 19:50:33.625] [main/DEBUG] [net.minecraftforge.fml.loading.LanguageLoadingProvider/CORE]: Found language provider javafml, version 47
[22Feb2026 19:50:33.626] [main/DEBUG] [net.minecraftforge.fml.loading.LanguageLoadingProvider/CORE]: Found language provider lowcodefml, version 47
[22Feb2026 19:50:33.629] [main/DEBUG] [net.minecraftforge.fml.loading.UniqueModListBuilder/]: Found 2 mods for first modid mclib, selecting most recent based on version data
[22Feb2026 19:50:33.629] [main/DEBUG] [net.minecraftforge.fml.loading.UniqueModListBuilder/]: Selected file mclib-20.jar for modid mclib with version 0.0NONE
[22Feb2026 19:50:33.629] [main/DEBUG] [net.minecraftforge.fml.loading.UniqueModListBuilder/]: Found 2 mods for first modid thedarkcolour.kotlinforforge.kfflib, selecting most recent based on version data
[22Feb2026 19:50:33.630] [main/DEBUG] [net.minecraftforge.fml.loading.UniqueModListBuilder/]: Selected file kfflib-4.12.0.jar for modid thedarkcolour.kotlinforforge.kfflib with version 4.12.0
[22Feb2026 19:50:33.630] [main/DEBUG] [net.minecraftforge.fml.loading.UniqueModListBuilder/]: Found 2 mods for first modid mixinextras, selecting most recent based on version data
[22Feb2026 19:50:33.630] [main/DEBUG] [net.minecraftforge.fml.loading.UniqueModListBuilder/]: Selected file mixinextras-forge-0.5.0.jar for modid mixinextras with version 0.5.0
[22Feb2026 19:50:33.630] [main/DEBUG] [net.minecraftforge.fml.loading.UniqueModListBuilder/]: Found 2 mods for first modid MixinExtras, selecting most recent based on version data
[22Feb2026 19:50:33.630] [main/DEBUG] [net.minecraftforge.fml.loading.UniqueModListBuilder/]: Selected file MixinExtras-0.5.0.jar for modid MixinExtras with version 0.5.0
[22Feb2026 19:50:33.631] [main/DEBUG] [net.minecraftforge.fml.loading.ModSorter/]: Configured system mods: [minecraft, forge]
[22Feb2026 19:50:33.631] [main/DEBUG] [net.minecraftforge.fml.loading.ModSorter/]: Found system mod: minecraft
[22Feb2026 19:50:33.631] [main/DEBUG] [net.minecraftforge.fml.loading.ModSorter/]: Found system mod: forge
[22Feb2026 19:50:33.633] [main/DEBUG] [net.minecraftforge.fml.loading.ModSorter/LOADING]: Found 63 mod requirements (54 mandatory, 9 optional)
[22Feb2026 19:50:33.634] [main/DEBUG] [net.minecraftforge.fml.loading.ModSorter/LOADING]: Found 0 mod requirements missing (0 mandatory, 0 optional)
[22Feb2026 19:50:34.162] [main/DEBUG] [cpw.mods.modlauncher.TransformationServicesHandler/MODLAUNCHER]: Transformation services loading transformers
[22Feb2026 19:50:34.162] [main/DEBUG] [cpw.mods.modlauncher.TransformationServiceDecorator/MODLAUNCHER]: Initializing transformers for transformation service mixin
[22Feb2026 19:50:34.163] [main/DEBUG] [cpw.mods.modlauncher.TransformationServiceDecorator/MODLAUNCHER]: Initialized transformers for transformation service mixin
[22Feb2026 19:50:34.163] [main/DEBUG] [cpw.mods.modlauncher.TransformationServiceDecorator/MODLAUNCHER]: Initializing transformers for transformation service fml
[22Feb2026 19:50:34.163] [main/DEBUG] [net.minecraftforge.fml.loading.FMLServiceProvider/CORE]: Loading coremod transformers
[22Feb2026 19:50:34.163] [main/DEBUG] [net.minecraftforge.coremod.CoreModEngine/COREMOD]: Loading CoreMod from META-INF/xaerohud_core.js
[22Feb2026 19:50:34.559] [main/DEBUG] [net.minecraftforge.coremod.CoreModEngine/COREMOD]: CoreMod loaded successfully
[22Feb2026 19:50:34.559] [main/DEBUG] [net.minecraftforge.coremod.CoreModEngine/COREMOD]: Loading CoreMod from META-INF/xaeroworldmap_core.js
[22Feb2026 19:50:34.618] [main/DEBUG] [net.minecraftforge.coremod.CoreModEngine/COREMOD]: CoreMod loaded successfully
[22Feb2026 19:50:34.618] [main/DEBUG] [net.minecraftforge.coremod.CoreModEngine/COREMOD]: Loading CoreMod from coremods/field_to_method.js
[22Feb2026 19:50:34.667] [main/DEBUG] [net.minecraftforge.coremod.CoreModEngine/COREMOD]: CoreMod loaded successfully
[22Feb2026 19:50:34.667] [main/DEBUG] [net.minecraftforge.coremod.CoreModEngine/COREMOD]: Loading CoreMod from coremods/field_to_instanceof.js
[22Feb2026 19:50:34.706] [main/DEBUG] [net.minecraftforge.coremod.CoreModEngine/COREMOD]: CoreMod loaded successfully
[22Feb2026 19:50:34.706] [main/DEBUG] [net.minecraftforge.coremod.CoreModEngine/COREMOD]: Loading CoreMod from coremods/add_bouncer_method.js
[22Feb2026 19:50:34.733] [main/DEBUG] [net.minecraftforge.coremod.CoreModEngine/COREMOD]: CoreMod loaded successfully
[22Feb2026 19:50:34.733] [main/DEBUG] [net.minecraftforge.coremod.CoreModEngine/COREMOD]: Loading CoreMod from coremods/method_redirector.js
[22Feb2026 19:50:34.782] [main/DEBUG] [net.minecraftforge.coremod.CoreModEngine/COREMOD]: CoreMod loaded successfully
[22Feb2026 19:50:34.791] [main/DEBUG] [cpw.mods.modlauncher.TransformStore/MODLAUNCHER]: Adding transformer net.minecraftforge.coremod.transformer.CoreModMethodTransformer@64da6cbd to Target : METHOD {Lnet/minecraft/client/ToggleKeyMapping;} {m_90857_} {()Z}
[22Feb2026 19:50:34.791] [main/DEBUG] [cpw.mods.modlauncher.TransformStore/MODLAUNCHER]: Adding transformer net.minecraftforge.coremod.transformer.CoreModClassTransformer@20580d4e to Target : CLASS {Lnet/minecraft/world/level/biome/Biome;} {} {V}
[22Feb2026 19:50:34.792] [main/DEBUG] [cpw.mods.modlauncher.TransformStore/MODLAUNCHER]: Adding transformer net.minecraftforge.coremod.transformer.CoreModClassTransformer@21bd128b to Target : CLASS {Lnet/minecraft/world/level/levelgen/structure/Structure;} {} {V}
[22Feb2026 19:50:34.792] [main/DEBUG] [cpw.mods.modlauncher.TransformStore/MODLAUNCHER]: Adding transformer net.minecraftforge.coremod.transformer.CoreModClassTransformer@2d0b05 to Target : CLASS {Lnet/minecraft/world/effect/MobEffectInstance;} {} {V}
[22Feb2026 19:50:34.792] [main/DEBUG] [cpw.mods.modlauncher.TransformStore/MODLAUNCHER]: Adding transformer net.minecraftforge.coremod.transformer.CoreModClassTransformer@4b432e53 to Target : CLASS {Lnet/minecraft/world/level/block/LiquidBlock;} {} {V}
[22Feb2026 19:50:34.792] [main/DEBUG] [cpw.mods.modlauncher.TransformStore/MODLAUNCHER]: Adding transformer net.minecraftforge.coremod.transformer.CoreModClassTransformer@2b916808 to Target : CLASS {Lnet/minecraft/world/item/BucketItem;} {} {V}
[22Feb2026 19:50:34.792] [main/DEBUG] [cpw.mods.modlauncher.TransformStore/MODLAUNCHER]: Adding transformer net.minecraftforge.coremod.transformer.CoreModClassTransformer@62f11ebb to Target : CLASS {Lnet/minecraft/world/level/block/StairBlock;} {} {V}
[22Feb2026 19:50:34.792] [main/DEBUG] [cpw.mods.modlauncher.TransformStore/MODLAUNCHER]: Adding transformer net.minecraftforge.coremod.transformer.CoreModClassTransformer@a6c54c3 to Target : CLASS {Lnet/minecraft/world/level/block/FlowerPotBlock;} {} {V}
[22Feb2026 19:50:34.793] [main/DEBUG] [cpw.mods.modlauncher.TransformStore/MODLAUNCHER]: Adding transformer net.minecraftforge.coremod.transformer.CoreModClassTransformer@580fd26b to Target : CLASS {Lnet/minecraft/world/item/ItemStack;} {} {V}
[22Feb2026 19:50:34.793] [main/DEBUG] [cpw.mods.modlauncher.TransformStore/MODLAUNCHER]: Adding transformer net.minecraftforge.coremod.transformer.CoreModClassTransformer@78fe204a to Target : CLASS {Lnet/minecraft/network/play/client/CClientSettingsPacket;} {} {V}
[22Feb2026 19:50:34.793] [main/DEBUG] [cpw.mods.modlauncher.TransformStore/MODLAUNCHER]: Adding transformer net.minecraftforge.coremod.transformer.CoreModClassTransformer@1290ed28 to Target : CLASS {Lnet/minecraft/world/level/levelgen/PhantomSpawner;} {} {V}
[22Feb2026 19:50:34.793] [main/DEBUG] [cpw.mods.modlauncher.TransformStore/MODLAUNCHER]: Adding transformer net.minecraftforge.coremod.transformer.CoreModClassTransformer@1290ed28 to Target : CLASS {Lnet/minecraft/world/entity/monster/Spider;} {} {V}
[22Feb2026 19:50:34.793] [main/DEBUG] [cpw.mods.modlauncher.TransformStore/MODLAUNCHER]: Adding transformer net.minecraftforge.coremod.transformer.CoreModClassTransformer@1290ed28 to Target : CLASS {Lnet/minecraft/world/entity/npc/Villager;} {} {V}
[22Feb2026 19:50:34.793] [main/DEBUG] [cpw.mods.modlauncher.TransformStore/MODLAUNCHER]: Adding transformer net.minecraftforge.coremod.transformer.CoreModClassTransformer@1290ed28 to Target : CLASS {Lnet/minecraft/world/entity/EntityType;} {} {V}
[22Feb2026 19:50:34.793] [main/DEBUG] [cpw.mods.modlauncher.TransformStore/MODLAUNCHER]: Adding transformer net.minecraftforge.coremod.transformer.CoreModClassTransformer@1290ed28 to Target : CLASS {Lnet/minecraft/world/entity/animal/frog/Tadpole;} {} {V}
[22Feb2026 19:50:34.793] [main/DEBUG] [cpw.mods.modlauncher.TransformStore/MODLAUNCHER]: Adding transformer net.minecraftforge.coremod.transformer.CoreModClassTransformer@1290ed28 to Target : CLASS {Lnet/minecraft/world/level/levelgen/structure/structures/WoodlandMansionPieces$WoodlandMansionPiece;} {} {V}
[22Feb2026 19:50:34.794] [main/DEBUG] [cpw.mods.modlauncher.TransformStore/MODLAUNCHER]: Adding transformer net.minecraftforge.coremod.transformer.CoreModClassTransformer@1290ed28 to Target : CLASS {Lnet/minecraft/world/entity/ai/village/VillageSiege;} {} {V}
[22Feb2026 19:50:34.794] [main/DEBUG] [cpw.mods.modlauncher.TransformStore/MODLAUNCHER]: Adding transformer net.minecraftforge.coremod.transformer.CoreModClassTransformer@1290ed28 to Target : CLASS {Lnet/minecraft/world/level/levelgen/PatrolSpawner;} {} {V}
[22Feb2026 19:50:34.794] [main/DEBUG] [cpw.mods.modlauncher.TransformStore/MODLAUNCHER]: Adding transformer net.minecraftforge.coremod.transformer.CoreModClassTransformer@1290ed28 to Target : CLASS {Lnet/minecraft/world/entity/raid/Raid;} {} {V}
[22Feb2026 19:50:34.794] [main/DEBUG] [cpw.mods.modlauncher.TransformStore/MODLAUNCHER]: Adding transformer net.minecraftforge.coremod.transformer.CoreModClassTransformer@1290ed28 to Target : CLASS {Lnet/minecraft/world/entity/monster/Zombie;} {} {V}
[22Feb2026 19:50:34.794] [main/DEBUG] [cpw.mods.modlauncher.TransformStore/MODLAUNCHER]: Adding transformer net.minecraftforge.coremod.transformer.CoreModClassTransformer@1290ed28 to Target : CLASS {Lnet/minecraft/world/level/levelgen/structure/templatesystem/StructureTemplate;} {} {V}
[22Feb2026 19:50:34.794] [main/DEBUG] [cpw.mods.modlauncher.TransformStore/MODLAUNCHER]: Adding transformer net.minecraftforge.coremod.transformer.CoreModClassTransformer@1290ed28 to Target : CLASS {Lnet/minecraft/server/commands/RaidCommand;} {} {V}
[22Feb2026 19:50:34.794] [main/DEBUG] [cpw.mods.modlauncher.TransformStore/MODLAUNCHER]: Adding transformer net.minecraftforge.coremod.transformer.CoreModClassTransformer@1290ed28 to Target : CLASS {Lnet/minecraft/world/entity/monster/Evoker$EvokerSummonSpellGoal;} {} {V}
[22Feb2026 19:50:34.794] [main/DEBUG] [cpw.mods.modlauncher.TransformStore/MODLAUNCHER]: Adding transformer net.minecraftforge.coremod.transformer.CoreModClassTransformer@1290ed28 to Target : CLASS {Lnet/minecraft/world/entity/monster/ZombieVillager;} {} {V}
[22Feb2026 19:50:34.794] [main/DEBUG] [cpw.mods.modlauncher.TransformStore/MODLAUNCHER]: Adding transformer net.minecraftforge.coremod.transformer.CoreModClassTransformer@1290ed28 to Target : CLASS {Lnet/minecraft/world/entity/npc/CatSpawner;} {} {V}
[22Feb2026 19:50:34.794] [main/DEBUG] [cpw.mods.modlauncher.TransformStore/MODLAUNCHER]: Adding transformer net.minecraftforge.coremod.transformer.CoreModClassTransformer@1290ed28 to Target : CLASS {Lnet/minecraft/world/level/levelgen/structure/structures/SwampHutPiece;} {} {V}
[22Feb2026 19:50:34.795] [main/DEBUG] [cpw.mods.modlauncher.TransformStore/MODLAUNCHER]: Adding transformer net.minecraftforge.coremod.transformer.CoreModClassTransformer@1290ed28 to Target : CLASS {Lnet/minecraft/world/level/NaturalSpawner;} {} {V}
[22Feb2026 19:50:34.795] [main/DEBUG] [cpw.mods.modlauncher.TransformStore/MODLAUNCHER]: Adding transformer net.minecraftforge.coremod.transformer.CoreModClassTransformer@1290ed28 to Target : CLASS {Lnet/minecraft/world/entity/monster/Strider;} {} {V}
[22Feb2026 19:50:34.795] [main/DEBUG] [cpw.mods.modlauncher.TransformStore/MODLAUNCHER]: Adding transformer net.minecraftforge.coremod.transformer.CoreModClassTransformer@1290ed28 to Target : CLASS {Lnet/minecraft/world/level/levelgen/structure/structures/OceanMonumentPieces$OceanMonumentPiece;} {} {V}
[22Feb2026 19:50:34.795] [main/DEBUG] [cpw.mods.modlauncher.TransformStore/MODLAUNCHER]: Adding transformer net.minecraftforge.coremod.transformer.CoreModClassTransformer@1290ed28 to Target : CLASS {Lnet/minecraft/world/entity/animal/horse/SkeletonTrapGoal;} {} {V}
[22Feb2026 19:50:34.795] [main/DEBUG] [cpw.mods.modlauncher.TransformStore/MODLAUNCHER]: Adding transformer net.minecraftforge.coremod.transformer.CoreModClassTransformer@1290ed28 to Target : CLASS {Lnet/minecraft/world/level/levelgen/structure/structures/OceanRuinPieces$OceanRuinPiece;} {} {V}
[22Feb2026 19:50:34.795] [main/DEBUG] [cpw.mods.modlauncher.TransformStore/MODLAUNCHER]: Adding transformer net.minecraftforge.coremod.transformer.CoreModClassTransformer@1290ed28 to Target : CLASS {Lnet/minecraft/server/commands/SummonCommand;} {} {V}
[22Feb2026 19:50:34.795] [main/DEBUG] [cpw.mods.modlauncher.TransformationServiceDecorator/MODLAUNCHER]: Initialized transformers for transformation service fml
[22Feb2026 19:50:35.557] [main/DEBUG] [mixin/]: Processing prepare() for PlatformAgent[MixinPlatformAgentDefault:ModLauncher Root Container(ModLauncher:4f56a0a2)]
[22Feb2026 19:50:35.557] [main/DEBUG] [mixin/]: Processing launch tasks for PlatformAgent[MixinPlatformAgentDefault:ModLauncher Root Container(ModLauncher:4f56a0a2)]
[22Feb2026 19:50:35.557] [main/DEBUG] [mixin/]: Adding mixin platform agents for container SecureJarResource(minecraft)
[22Feb2026 19:50:35.557] [main/DEBUG] [mixin/]: Instancing new MixinPlatformAgentMinecraftForge for SecureJarResource(minecraft)
[22Feb2026 19:50:35.557] [main/DEBUG] [mixin/]: MixinPlatformAgentMinecraftForge rejected container SecureJarResource(minecraft)
[22Feb2026 19:50:35.557] [main/DEBUG] [mixin/]: Instancing new MixinPlatformAgentDefault for SecureJarResource(minecraft)
[22Feb2026 19:50:35.557] [main/DEBUG] [mixin/]: MixinPlatformAgentDefault accepted container SecureJarResource(minecraft)
[22Feb2026 19:50:35.558] [main/DEBUG] [mixin/]: Processing prepare() for PlatformAgent[MixinPlatformAgentDefault:SecureJarResource(minecraft)]
[22Feb2026 19:50:35.558] [main/DEBUG] [mixin/]: Adding mixin platform agents for container SecureJarResource(kuma_api)
[22Feb2026 19:50:35.558] [main/DEBUG] [mixin/]: Instancing new MixinPlatformAgentMinecraftForge for SecureJarResource(kuma_api)
[22Feb2026 19:50:35.558] [main/DEBUG] [mixin/]: MixinPlatformAgentMinecraftForge rejected container SecureJarResource(kuma_api)
[22Feb2026 19:50:35.558] [main/DEBUG] [mixin/]: Instancing new MixinPlatformAgentDefault for SecureJarResource(kuma_api)
[22Feb2026 19:50:35.558] [main/DEBUG] [mixin/]: MixinPlatformAgentDefault accepted container SecureJarResource(kuma_api)
[22Feb2026 19:50:35.558] [main/DEBUG] [mixin/]: Processing prepare() for PlatformAgent[MixinPlatformAgentDefault:SecureJarResource(kuma_api)]
[22Feb2026 19:50:35.558] [main/DEBUG] [mixin/]: Registering mixin config: kuma_api.mixins.json
[22Feb2026 19:50:35.573] [main/DEBUG] [mixin/]: Compatibility level JAVA_17 specified by kuma_api.mixins.json is higher than the maximum level supported by this version of mixin (JAVA_13).
[22Feb2026 19:50:35.577] [main/INFO] [mixin/]: Compatibility level set to JAVA_17
[22Feb2026 19:50:35.577] [main/DEBUG] [mixin/]: Registering mixin config: kuma_api.forge.mixins.json
[22Feb2026 19:50:35.579] [main/DEBUG] [mixin/]: Adding mixin platform agents for container SecureJarResource(jade)
[22Feb2026 19:50:35.580] [main/DEBUG] [mixin/]: Instancing new MixinPlatformAgentMinecraftForge for SecureJarResource(jade)
[22Feb2026 19:50:35.580] [main/DEBUG] [mixin/]: MixinPlatformAgentMinecraftForge rejected container SecureJarResource(jade)
[22Feb2026 19:50:35.580] [main/DEBUG] [mixin/]: Instancing new MixinPlatformAgentDefault for SecureJarResource(jade)
[22Feb2026 19:50:35.580] [main/DEBUG] [mixin/]: MixinPlatformAgentDefault accepted container SecureJarResource(jade)
[22Feb2026 19:50:35.580] [main/DEBUG] [mixin/]: Processing prepare() for PlatformAgent[MixinPlatformAgentDefault:SecureJarResource(jade)]
[22Feb2026 19:50:35.581] [main/DEBUG] [mixin/]: Registering mixin config: jade.mixins.json
[22Feb2026 19:50:35.582] [main/DEBUG] [mixin/]: Compatibility level JAVA_16 specified by jade.mixins.json is higher than the maximum level supported by this version of mixin (JAVA_13).
[22Feb2026 19:50:35.582] [main/DEBUG] [mixin/]: Adding mixin platform agents for container SecureJarResource(geckolib)
[22Feb2026 19:50:35.582] [main/DEBUG] [mixin/]: Instancing new MixinPlatformAgentMinecraftForge for SecureJarResource(geckolib)
[22Feb2026 19:50:35.582] [main/DEBUG] [mixin/]: MixinPlatformAgentMinecraftForge rejected container SecureJarResource(geckolib)
[22Feb2026 19:50:35.582] [main/DEBUG] [mixin/]: Instancing new MixinPlatformAgentDefault for SecureJarResource(geckolib)
[22Feb2026 19:50:35.583] [main/DEBUG] [mixin/]: MixinPlatformAgentDefault accepted container SecureJarResource(geckolib)
[22Feb2026 19:50:35.583] [main/DEBUG] [mixin/]: Processing prepare() for PlatformAgent[MixinPlatformAgentDefault:SecureJarResource(geckolib)]
[22Feb2026 19:50:35.583] [main/DEBUG] [mixin/]: Registering mixin config: geckolib.mixins.json
[22Feb2026 19:50:35.585] [main/DEBUG] [mixin/]: Adding mixin platform agents for container SecureJarResource(slugterra)
[22Feb2026 19:50:35.586] [main/DEBUG] [mixin/]: Instancing new MixinPlatformAgentMinecraftForge for SecureJarResource(slugterra)
[22Feb2026 19:50:35.586] [main/DEBUG] [mixin/]: MixinPlatformAgentMinecraftForge rejected container SecureJarResource(slugterra)
[22Feb2026 19:50:35.586] [main/DEBUG] [mixin/]: Instancing new MixinPlatformAgentDefault for SecureJarResource(slugterra)
[22Feb2026 19:50:35.586] [main/DEBUG] [mixin/]: MixinPlatformAgentDefault accepted container SecureJarResource(slugterra)
[22Feb2026 19:50:35.586] [main/DEBUG] [mixin/]: Processing prepare() for PlatformAgent[MixinPlatformAgentDefault:SecureJarResource(slugterra)]
[22Feb2026 19:50:35.587] [main/DEBUG] [mixin/]: Registering mixin config: mixins.slugterra.json
[22Feb2026 19:50:35.588] [main/DEBUG] [mixin/]: Adding mixin platform agents for container SecureJarResource(jei)
[22Feb2026 19:50:35.588] [main/DEBUG] [mixin/]: Instancing new MixinPlatformAgentMinecraftForge for SecureJarResource(jei)
[22Feb2026 19:50:35.588] [main/DEBUG] [mixin/]: MixinPlatformAgentMinecraftForge rejected container SecureJarResource(jei)
[22Feb2026 19:50:35.589] [main/DEBUG] [mixin/]: Instancing new MixinPlatformAgentDefault for SecureJarResource(jei)
[22Feb2026 19:50:35.589] [main/DEBUG] [mixin/]: MixinPlatformAgentDefault accepted container SecureJarResource(jei)
[22Feb2026 19:50:35.589] [main/DEBUG] [mixin/]: Processing prepare() for PlatformAgent[MixinPlatformAgentDefault:SecureJarResource(jei)]
[22Feb2026 19:50:35.589] [main/DEBUG] [mixin/]: Adding mixin platform agents for container SecureJarResource(cleanswing)
[22Feb2026 19:50:35.590] [main/DEBUG] [mixin/]: Instancing new MixinPlatformAgentMinecraftForge for SecureJarResource(cleanswing)
[22Feb2026 19:50:35.590] [main/DEBUG] [mixin/]: MixinPlatformAgentMinecraftForge rejected container SecureJarResource(cleanswing)
[22Feb2026 19:50:35.590] [main/DEBUG] [mixin/]: Instancing new MixinPlatformAgentDefault for SecureJarResource(cleanswing)
[22Feb2026 19:50:35.590] [main/DEBUG] [mixin/]: MixinPlatformAgentDefault accepted container SecureJarResource(cleanswing)
[22Feb2026 19:50:35.590] [main/DEBUG] [mixin/]: Processing prepare() for PlatformAgent[MixinPlatformAgentDefault:SecureJarResource(cleanswing)]
[22Feb2026 19:50:35.591] [main/DEBUG] [mixin/]: Adding mixin platform agents for container SecureJarResource(xaerolib)
[22Feb2026 19:50:35.591] [main/DEBUG] [mixin/]: Instancing new MixinPlatformAgentMinecraftForge for SecureJarResource(xaerolib)
[22Feb2026 19:50:35.591] [main/DEBUG] [mixin/]: MixinPlatformAgentMinecraftForge rejected container SecureJarResource(xaerolib)
[22Feb2026 19:50:35.591] [main/DEBUG] [mixin/]: Instancing new MixinPlatformAgentDefault for SecureJarResource(xaerolib)
[22Feb2026 19:50:35.591] [main/DEBUG] [mixin/]: MixinPlatformAgentDefault accepted container SecureJarResource(xaerolib)
[22Feb2026 19:50:35.591] [main/DEBUG] [mixin/]: Processing prepare() for PlatformAgent[MixinPlatformAgentDefault:SecureJarResource(xaerolib)]
[22Feb2026 19:50:35.591] [main/DEBUG] [mixin/]: Registering mixin config: xaerolib.mixins.json
[22Feb2026 19:50:35.592] [main/DEBUG] [mixin/]: Registering mixin config: xaerolib.forge.mixins.json
[22Feb2026 19:50:35.594] [main/DEBUG] [mixin/]: Adding mixin platform agents for container SecureJarResource(kotlinforforge)
[22Feb2026 19:50:35.594] [main/DEBUG] [mixin/]: Instancing new MixinPlatformAgentMinecraftForge for SecureJarResource(kotlinforforge)
[22Feb2026 19:50:35.594] [main/DEBUG] [mixin/]: MixinPlatformAgentMinecraftForge rejected container SecureJarResource(kotlinforforge)
[22Feb2026 19:50:35.595] [main/DEBUG] [mixin/]: Instancing new MixinPlatformAgentDefault for SecureJarResource(kotlinforforge)
[22Feb2026 19:50:35.595] [main/DEBUG] [mixin/]: MixinPlatformAgentDefault accepted container SecureJarResource(kotlinforforge)
[22Feb2026 19:50:35.595] [main/DEBUG] [mixin/]: Processing prepare() for PlatformAgent[MixinPlatformAgentDefault:SecureJarResource(kotlinforforge)]
[22Feb2026 19:50:35.595] [main/DEBUG] [mixin/]: Adding mixin platform agents for container SecureJarResource(sophisticatedcore)
[22Feb2026 19:50:35.595] [main/DEBUG] [mixin/]: Instancing new MixinPlatformAgentMinecraftForge for SecureJarResource(sophisticatedcore)
[22Feb2026 19:50:35.595] [main/DEBUG] [mixin/]: MixinPlatformAgentMinecraftForge rejected container SecureJarResource(sophisticatedcore)
[22Feb2026 19:50:35.595] [main/DEBUG] [mixin/]: Instancing new MixinPlatformAgentDefault for SecureJarResource(sophisticatedcore)
[22Feb2026 19:50:35.596] [main/DEBUG] [mixin/]: MixinPlatformAgentDefault accepted container SecureJarResource(sophisticatedcore)
[22Feb2026 19:50:35.596] [main/DEBUG] [mixin/]: Processing prepare() for PlatformAgent[MixinPlatformAgentDefault:SecureJarResource(sophisticatedcore)]
[22Feb2026 19:50:35.596] [main/DEBUG] [mixin/]: Registering mixin config: sophisticatedcore.mixins.json
[22Feb2026 19:50:35.597] [main/DEBUG] [mixin/]: Adding mixin platform agents for container SecureJarResource(kleeslabs)
[22Feb2026 19:50:35.597] [main/DEBUG] [mixin/]: Instancing new MixinPlatformAgentMinecraftForge for SecureJarResource(kleeslabs)
[22Feb2026 19:50:35.597] [main/DEBUG] [mixin/]: MixinPlatformAgentMinecraftForge rejected container SecureJarResource(kleeslabs)
[22Feb2026 19:50:35.597] [main/DEBUG] [mixin/]: Instancing new MixinPlatformAgentDefault for SecureJarResource(kleeslabs)
[22Feb2026 19:50:35.598] [main/DEBUG] [mixin/]: MixinPlatformAgentDefault accepted container SecureJarResource(kleeslabs)
[22Feb2026 19:50:35.598] [main/DEBUG] [mixin/]: Processing prepare() for PlatformAgent[MixinPlatformAgentDefault:SecureJarResource(kleeslabs)]
[22Feb2026 19:50:35.598] [main/DEBUG] [mixin/]: Registering mixin config: kleeslabs.mixins.json
[22Feb2026 19:50:35.599] [main/DEBUG] [mixin/]: Adding mixin platform agents for container SecureJarResource(xaerominimap)
[22Feb2026 19:50:35.599] [main/DEBUG] [mixin/]: Instancing new MixinPlatformAgentMinecraftForge for SecureJarResource(xaerominimap)
[22Feb2026 19:50:35.599] [main/DEBUG] [mixin/]: MixinPlatformAgentMinecraftForge rejected container SecureJarResource(xaerominimap)
[22Feb2026 19:50:35.599] [main/DEBUG] [mixin/]: Instancing new MixinPlatformAgentDefault for SecureJarResource(xaerominimap)
[22Feb2026 19:50:35.600] [main/DEBUG] [mixin/]: MixinPlatformAgentDefault accepted container SecureJarResource(xaerominimap)
[22Feb2026 19:50:35.600] [main/DEBUG] [mixin/]: Processing prepare() for PlatformAgent[MixinPlatformAgentDefault:SecureJarResource(xaerominimap)]
[22Feb2026 19:50:35.600] [main/DEBUG] [mixin/]: Registering mixin config: xaerohud.mixins.json
[22Feb2026 19:50:35.601] [main/DEBUG] [mixin/]: Registering mixin config: xaerohud.forge.mixins.json
[22Feb2026 19:50:35.603] [main/DEBUG] [mixin/]: Registering mixin config: xaerominimap.mixins.json
[22Feb2026 19:50:35.604] [main/DEBUG] [mixin/]: Registering mixin config: xaerominimap.forge.mixins.json
[22Feb2026 19:50:35.605] [main/DEBUG] [mixin/]: Adding mixin platform agents for container SecureJarResource(waystones)
[22Feb2026 19:50:35.605] [main/DEBUG] [mixin/]: Instancing new MixinPlatformAgentMinecraftForge for SecureJarResource(waystones)
[22Feb2026 19:50:35.605] [main/DEBUG] [mixin/]: MixinPlatformAgentMinecraftForge rejected container SecureJarResource(waystones)
[22Feb2026 19:50:35.605] [main/DEBUG] [mixin/]: Instancing new MixinPlatformAgentDefault for SecureJarResource(waystones)
[22Feb2026 19:50:35.605] [main/DEBUG] [mixin/]: MixinPlatformAgentDefault accepted container SecureJarResource(waystones)
[22Feb2026 19:50:35.606] [main/DEBUG] [mixin/]: Processing prepare() for PlatformAgent[MixinPlatformAgentDefault:SecureJarResource(waystones)]
[22Feb2026 19:50:35.606] [main/DEBUG] [mixin/]: Registering mixin config: waystones.mixins.json
[22Feb2026 19:50:35.607] [main/DEBUG] [mixin/]: Adding mixin platform agents for container SecureJarResource(gravestone)
[22Feb2026 19:50:35.607] [main/DEBUG] [mixin/]: Instancing new MixinPlatformAgentMinecraftForge for SecureJarResource(gravestone)
[22Feb2026 19:50:35.608] [main/DEBUG] [mixin/]: MixinPlatformAgentMinecraftForge rejected container SecureJarResource(gravestone)
[22Feb2026 19:50:35.608] [main/DEBUG] [mixin/]: Instancing new MixinPlatformAgentDefault for SecureJarResource(gravestone)
[22Feb2026 19:50:35.608] [main/DEBUG] [mixin/]: MixinPlatformAgentDefault accepted container SecureJarResource(gravestone)
[22Feb2026 19:50:35.608] [main/DEBUG] [mixin/]: Processing prepare() for PlatformAgent[MixinPlatformAgentDefault:SecureJarResource(gravestone)]
[22Feb2026 19:50:35.608] [main/DEBUG] [mixin/]: Adding mixin platform agents for container SecureJarResource(collective)
[22Feb2026 19:50:35.608] [main/DEBUG] [mixin/]: Instancing new MixinPlatformAgentMinecraftForge for SecureJarResource(collective)
[22Feb2026 19:50:35.608] [main/DEBUG] [mixin/]: MixinPlatformAgentMinecraftForge rejected container SecureJarResource(collective)
[22Feb2026 19:50:35.608] [main/DEBUG] [mixin/]: Instancing new MixinPlatformAgentDefault for SecureJarResource(collective)
[22Feb2026 19:50:35.609] [main/DEBUG] [mixin/]: MixinPlatformAgentDefault accepted container SecureJarResource(collective)
[22Feb2026 19:50:35.609] [main/DEBUG] [mixin/]: Processing prepare() for PlatformAgent[MixinPlatformAgentDefault:SecureJarResource(collective)]
[22Feb2026 19:50:35.609] [main/DEBUG] [mixin/]: Registering mixin config: collective_forge.mixins.json
[22Feb2026 19:50:35.610] [main/DEBUG] [mixin/]: Adding mixin platform agents for container SecureJarResource(xaeroworldmap)
[22Feb2026 19:50:35.611] [main/DEBUG] [mixin/]: Instancing new MixinPlatformAgentMinecraftForge for SecureJarResource(xaeroworldmap)
[22Feb2026 19:50:35.611] [main/DEBUG] [mixin/]: MixinPlatformAgentMinecraftForge rejected container SecureJarResource(xaeroworldmap)
[22Feb2026 19:50:35.611] [main/DEBUG] [mixin/]: Instancing new MixinPlatformAgentDefault for SecureJarResource(xaeroworldmap)
[22Feb2026 19:50:35.611] [main/DEBUG] [mixin/]: MixinPlatformAgentDefault accepted container SecureJarResource(xaeroworldmap)
[22Feb2026 19:50:35.611] [main/DEBUG] [mixin/]: Processing prepare() for PlatformAgent[MixinPlatformAgentDefault:SecureJarResource(xaeroworldmap)]
[22Feb2026 19:50:35.611] [main/DEBUG] [mixin/]: Registering mixin config: xaeroworldmap.mixins.json
[22Feb2026 19:50:35.614] [main/DEBUG] [mixin/]: Registering mixin config: xaeroworldmap.forge.mixins.json
[22Feb2026 19:50:35.615] [main/DEBUG] [mixin/]: Adding mixin platform agents for container SecureJarResource(inventoryhud)
[22Feb2026 19:50:35.615] [main/DEBUG] [mixin/]: Instancing new MixinPlatformAgentMinecraftForge for SecureJarResource(inventoryhud)
[22Feb2026 19:50:35.616] [main/DEBUG] [mixin/]: MixinPlatformAgentMinecraftForge rejected container SecureJarResource(inventoryhud)
[22Feb2026 19:50:35.616] [main/DEBUG] [mixin/]: Instancing new MixinPlatformAgentDefault for SecureJarResource(inventoryhud)
[22Feb2026 19:50:35.616] [main/DEBUG] [mixin/]: MixinPlatformAgentDefault accepted container SecureJarResource(inventoryhud)
[22Feb2026 19:50:35.616] [main/DEBUG] [mixin/]: Processing prepare() for PlatformAgent[MixinPlatformAgentDefault:SecureJarResource(inventoryhud)]
[22Feb2026 19:50:35.616] [main/DEBUG] [mixin/]: Adding mixin platform agents for container SecureJarResource(sophisticatedbackpacks)
[22Feb2026 19:50:35.616] [main/DEBUG] [mixin/]: Instancing new MixinPlatformAgentMinecraftForge for SecureJarResource(sophisticatedbackpacks)
[22Feb2026 19:50:35.616] [main/DEBUG] [mixin/]: MixinPlatformAgentMinecraftForge rejected container SecureJarResource(sophisticatedbackpacks)
[22Feb2026 19:50:35.616] [main/DEBUG] [mixin/]: Instancing new MixinPlatformAgentDefault for SecureJarResource(sophisticatedbackpacks)
[22Feb2026 19:50:35.617] [main/DEBUG] [mixin/]: MixinPlatformAgentDefault accepted container SecureJarResource(sophisticatedbackpacks)
[22Feb2026 19:50:35.617] [main/DEBUG] [mixin/]: Processing prepare() for PlatformAgent[MixinPlatformAgentDefault:SecureJarResource(sophisticatedbackpacks)]
[22Feb2026 19:50:35.617] [main/DEBUG] [mixin/]: Adding mixin platform agents for container SecureJarResource(architectury)
[22Feb2026 19:50:35.617] [main/DEBUG] [mixin/]: Instancing new MixinPlatformAgentMinecraftForge for SecureJarResource(architectury)
[22Feb2026 19:50:35.617] [main/DEBUG] [mixin/]: MixinPlatformAgentMinecraftForge rejected container SecureJarResource(architectury)
[22Feb2026 19:50:35.617] [main/DEBUG] [mixin/]: Instancing new MixinPlatformAgentDefault for SecureJarResource(architectury)
[22Feb2026 19:50:35.617] [main/DEBUG] [mixin/]: MixinPlatformAgentDefault accepted container SecureJarResource(architectury)
[22Feb2026 19:50:35.617] [main/DEBUG] [mixin/]: Processing prepare() for PlatformAgent[MixinPlatformAgentDefault:SecureJarResource(architectury)]
[22Feb2026 19:50:35.618] [main/DEBUG] [mixin/]: Registering mixin config: architectury.mixins.json
[22Feb2026 19:50:35.619] [main/DEBUG] [mixin/]: Compatibility level JAVA_16 specified by architectury.mixins.json is higher than the maximum level supported by this version of mixin (JAVA_13).
[22Feb2026 19:50:35.619] [main/DEBUG] [mixin/]: Registering mixin config: architectury-common.mixins.json
[22Feb2026 19:50:35.621] [main/DEBUG] [mixin/]: Compatibility level JAVA_16 specified by architectury-common.mixins.json is higher than the maximum level supported by this version of mixin (JAVA_13).
[22Feb2026 19:50:35.621] [main/DEBUG] [mixin/]: Adding mixin platform agents for container SecureJarResource(tpaplusplus)
[22Feb2026 19:50:35.622] [main/DEBUG] [mixin/]: Instancing new MixinPlatformAgentMinecraftForge for SecureJarResource(tpaplusplus)
[22Feb2026 19:50:35.622] [main/DEBUG] [mixin/]: MixinPlatformAgentMinecraftForge rejected container SecureJarResource(tpaplusplus)
[22Feb2026 19:50:35.622] [main/DEBUG] [mixin/]: Instancing new MixinPlatformAgentDefault for SecureJarResource(tpaplusplus)
[22Feb2026 19:50:35.622] [main/DEBUG] [mixin/]: MixinPlatformAgentDefault accepted container SecureJarResource(tpaplusplus)
[22Feb2026 19:50:35.622] [main/DEBUG] [mixin/]: Processing prepare() for PlatformAgent[MixinPlatformAgentDefault:SecureJarResource(tpaplusplus)]
[22Feb2026 19:50:35.622] [main/DEBUG] [mixin/]: Adding mixin platform agents for container SecureJarResource(ldlib)
[22Feb2026 19:50:35.623] [main/DEBUG] [mixin/]: Instancing new MixinPlatformAgentMinecraftForge for SecureJarResource(ldlib)
[22Feb2026 19:50:35.623] [main/DEBUG] [mixin/]: MixinPlatformAgentMinecraftForge rejected container SecureJarResource(ldlib)
[22Feb2026 19:50:35.623] [main/DEBUG] [mixin/]: Instancing new MixinPlatformAgentDefault for SecureJarResource(ldlib)
[22Feb2026 19:50:35.623] [main/DEBUG] [mixin/]: MixinPlatformAgentDefault accepted container SecureJarResource(ldlib)
[22Feb2026 19:50:35.623] [main/DEBUG] [mixin/]: Processing prepare() for PlatformAgent[MixinPlatformAgentDefault:SecureJarResource(ldlib)]
[22Feb2026 19:50:35.623] [main/DEBUG] [mixin/]: Registering mixin config: ldlib-common.mixins.json
[22Feb2026 19:50:35.625] [main/DEBUG] [mixin/]: Registering mixin config: ldlib.mixins.json
[22Feb2026 19:50:35.626] [main/DEBUG] [mixin/]: Adding mixin platform agents for container SecureJarResource(globalxp)
[22Feb2026 19:50:35.627] [main/DEBUG] [mixin/]: Instancing new MixinPlatformAgentMinecraftForge for SecureJarResource(globalxp)
[22Feb2026 19:50:35.627] [main/DEBUG] [mixin/]: MixinPlatformAgentMinecraftForge rejected container SecureJarResource(globalxp)
[22Feb2026 19:50:35.627] [main/DEBUG] [mixin/]: Instancing new MixinPlatformAgentDefault for SecureJarResource(globalxp)
[22Feb2026 19:50:35.627] [main/DEBUG] [mixin/]: MixinPlatformAgentDefault accepted container SecureJarResource(globalxp)
[22Feb2026 19:50:35.627] [main/DEBUG] [mixin/]: Processing prepare() for PlatformAgent[MixinPlatformAgentDefault:SecureJarResource(globalxp)]
[22Feb2026 19:50:35.627] [main/DEBUG] [mixin/]: Adding mixin platform agents for container SecureJarResource(balm)
[22Feb2026 19:50:35.627] [main/DEBUG] [mixin/]: Instancing new MixinPlatformAgentMinecraftForge for SecureJarResource(balm)
[22Feb2026 19:50:35.627] [main/DEBUG] [mixin/]: MixinPlatformAgentMinecraftForge rejected container SecureJarResource(balm)
[22Feb2026 19:50:35.627] [main/DEBUG] [mixin/]: Instancing new MixinPlatformAgentDefault for SecureJarResource(balm)
[22Feb2026 19:50:35.627] [main/DEBUG] [mixin/]: MixinPlatformAgentDefault accepted container SecureJarResource(balm)
[22Feb2026 19:50:35.628] [main/DEBUG] [mixin/]: Processing prepare() for PlatformAgent[MixinPlatformAgentDefault:SecureJarResource(balm)]
[22Feb2026 19:50:35.628] [main/DEBUG] [mixin/]: Registering mixin config: balm.mixins.json
[22Feb2026 19:50:35.629] [main/DEBUG] [mixin/]: Adding mixin platform agents for container SecureJarResource(photon)
[22Feb2026 19:50:35.629] [main/DEBUG] [mixin/]: Instancing new MixinPlatformAgentMinecraftForge for SecureJarResource(photon)
[22Feb2026 19:50:35.629] [main/DEBUG] [mixin/]: MixinPlatformAgentMinecraftForge rejected container SecureJarResource(photon)
[22Feb2026 19:50:35.630] [main/DEBUG] [mixin/]: Instancing new MixinPlatformAgentDefault for SecureJarResource(photon)
[22Feb2026 19:50:35.630] [main/DEBUG] [mixin/]: MixinPlatformAgentDefault accepted container SecureJarResource(photon)
[22Feb2026 19:50:35.630] [main/DEBUG] [mixin/]: Processing prepare() for PlatformAgent[MixinPlatformAgentDefault:SecureJarResource(photon)]
[22Feb2026 19:50:35.630] [main/DEBUG] [mixin/]: Registering mixin config: photon-common.mixins.json
[22Feb2026 19:50:35.631] [main/DEBUG] [mixin/]: Registering mixin config: photon.mixins.json
[22Feb2026 19:50:35.632] [main/DEBUG] [mixin/]: Adding mixin platform agents for container SecureJarResource(justzoom)
[22Feb2026 19:50:35.632] [main/DEBUG] [mixin/]: Instancing new MixinPlatformAgentMinecraftForge for SecureJarResource(justzoom)
[22Feb2026 19:50:35.632] [main/DEBUG] [mixin/]: MixinPlatformAgentMinecraftForge rejected container SecureJarResource(justzoom)
[22Feb2026 19:50:35.633] [main/DEBUG] [mixin/]: Instancing new MixinPlatformAgentDefault for SecureJarResource(justzoom)
[22Feb2026 19:50:35.633] [main/DEBUG] [mixin/]: MixinPlatformAgentDefault accepted container SecureJarResource(justzoom)
[22Feb2026 19:50:35.633] [main/DEBUG] [mixin/]: Processing prepare() for PlatformAgent[MixinPlatformAgentDefault:SecureJarResource(justzoom)]
[22Feb2026 19:50:35.633] [main/DEBUG] [mixin/]: Registering mixin config: justzoom.mixins.json
[22Feb2026 19:50:35.634] [main/DEBUG] [mixin/]: Registering mixin config: justzoom.forge.mixins.json
[22Feb2026 19:50:35.636] [main/DEBUG] [mixin/]: Adding mixin platform agents for container SecureJarResource(jeresources)
[22Feb2026 19:50:35.636] [main/DEBUG] [mixin/]: Instancing new MixinPlatformAgentMinecraftForge for SecureJarResource(jeresources)
[22Feb2026 19:50:35.636] [main/DEBUG] [mixin/]: MixinPlatformAgentMinecraftForge rejected container SecureJarResource(jeresources)
[22Feb2026 19:50:35.636] [main/DEBUG] [mixin/]: Instancing new MixinPlatformAgentDefault for SecureJarResource(jeresources)
[22Feb2026 19:50:35.636] [main/DEBUG] [mixin/]: MixinPlatformAgentDefault accepted container SecureJarResource(jeresources)
[22Feb2026 19:50:35.636] [main/DEBUG] [mixin/]: Processing prepare() for PlatformAgent[MixinPlatformAgentDefault:SecureJarResource(jeresources)]
[22Feb2026 19:50:35.636] [main/DEBUG] [mixin/]: Adding mixin platform agents for container SecureJarResource(forge)
[22Feb2026 19:50:35.636] [main/DEBUG] [mixin/]: Instancing new MixinPlatformAgentMinecraftForge for SecureJarResource(forge)
[22Feb2026 19:50:35.636] [main/DEBUG] [mixin/]: MixinPlatformAgentMinecraftForge rejected container SecureJarResource(forge)
[22Feb2026 19:50:35.636] [main/DEBUG] [mixin/]: Instancing new MixinPlatformAgentDefault for SecureJarResource(forge)
[22Feb2026 19:50:35.636] [main/DEBUG] [mixin/]: MixinPlatformAgentDefault accepted container SecureJarResource(forge)
[22Feb2026 19:50:35.636] [main/DEBUG] [mixin/]: Processing prepare() for PlatformAgent[MixinPlatformAgentDefault:SecureJarResource(forge)]
[22Feb2026 19:50:35.637] [main/DEBUG] [mixin/]: Adding mixin platform agents for container SecureJarResource(konkrete)
[22Feb2026 19:50:35.637] [main/DEBUG] [mixin/]: Instancing new MixinPlatformAgentMinecraftForge for SecureJarResource(konkrete)
[22Feb2026 19:50:35.637] [main/DEBUG] [mixin/]: MixinPlatformAgentMinecraftForge rejected container SecureJarResource(konkrete)
[22Feb2026 19:50:35.637] [main/DEBUG] [mixin/]: Instancing new MixinPlatformAgentDefault for SecureJarResource(konkrete)
[22Feb2026 19:50:35.637] [main/DEBUG] [mixin/]: MixinPlatformAgentDefault accepted container SecureJarResource(konkrete)
[22Feb2026 19:50:35.637] [main/DEBUG] [mixin/]: Processing prepare() for PlatformAgent[MixinPlatformAgentDefault:SecureJarResource(konkrete)]
[22Feb2026 19:50:35.637] [main/DEBUG] [mixin/]: Registering mixin config: konkrete.mixin.json
[22Feb2026 19:50:35.638] [main/DEBUG] [mixin/]: Adding mixin platform agents for container SecureJarResource(scaffoldingdropsnearby)
[22Feb2026 19:50:35.638] [main/DEBUG] [mixin/]: Instancing new MixinPlatformAgentMinecraftForge for SecureJarResource(scaffoldingdropsnearby)
[22Feb2026 19:50:35.638] [main/DEBUG] [mixin/]: MixinPlatformAgentMinecraftForge rejected container SecureJarResource(scaffoldingdropsnearby)
[22Feb2026 19:50:35.638] [main/DEBUG] [mixin/]: Instancing new MixinPlatformAgentDefault for SecureJarResource(scaffoldingdropsnearby)
[22Feb2026 19:50:35.638] [main/DEBUG] [mixin/]: MixinPlatformAgentDefault accepted container SecureJarResource(scaffoldingdropsnearby)
[22Feb2026 19:50:35.639] [main/DEBUG] [mixin/]: Processing prepare() for PlatformAgent[MixinPlatformAgentDefault:SecureJarResource(scaffoldingdropsnearby)]
[22Feb2026 19:50:35.639] [main/DEBUG] [mixin/]: Registering mixin config: scaffoldingdropsnearby_forge.mixins.json
[22Feb2026 19:50:35.640] [main/DEBUG] [mixin/]: Adding mixin platform agents for container SecureJarResource(mclib)
[22Feb2026 19:50:35.640] [main/DEBUG] [mixin/]: Instancing new MixinPlatformAgentMinecraftForge for SecureJarResource(mclib)
[22Feb2026 19:50:35.640] [main/DEBUG] [mixin/]: MixinPlatformAgentMinecraftForge rejected container SecureJarResource(mclib)
[22Feb2026 19:50:35.640] [main/DEBUG] [mixin/]: Instancing new MixinPlatformAgentDefault for SecureJarResource(mclib)
[22Feb2026 19:50:35.640] [main/DEBUG] [mixin/]: MixinPlatformAgentDefault accepted container SecureJarResource(mclib)
[22Feb2026 19:50:35.640] [main/DEBUG] [mixin/]: Processing prepare() for PlatformAgent[MixinPlatformAgentDefault:SecureJarResource(mclib)]
[22Feb2026 19:50:35.640] [main/DEBUG] [mixin/]: Adding mixin platform agents for container SecureJarResource(mixinextras)
[22Feb2026 19:50:35.640] [main/DEBUG] [mixin/]: Instancing new MixinPlatformAgentMinecraftForge for SecureJarResource(mixinextras)
[22Feb2026 19:50:35.640] [main/DEBUG] [mixin/]: MixinPlatformAgentMinecraftForge rejected container SecureJarResource(mixinextras)
[22Feb2026 19:50:35.641] [main/DEBUG] [mixin/]: Instancing new MixinPlatformAgentDefault for SecureJarResource(mixinextras)
[22Feb2026 19:50:35.641] [main/DEBUG] [mixin/]: MixinPlatformAgentDefault accepted container SecureJarResource(mixinextras)
[22Feb2026 19:50:35.641] [main/DEBUG] [mixin/]: Processing prepare() for PlatformAgent[MixinPlatformAgentDefault:SecureJarResource(mixinextras)]
[22Feb2026 19:50:35.641] [main/DEBUG] [mixin/]: Registering mixin config: mixinextras.init.mixins.json
[22Feb2026 19:50:35.642] [main/DEBUG] [mixin/]: Adding mixin platform agents for container SecureJarResource(thedarkcolour.kotlinforforge.kfflib)
[22Feb2026 19:50:35.642] [main/DEBUG] [mixin/]: Instancing new MixinPlatformAgentMinecraftForge for SecureJarResource(thedarkcolour.kotlinforforge.kfflib)
[22Feb2026 19:50:35.642] [main/DEBUG] [mixin/]: MixinPlatformAgentMinecraftForge rejected container SecureJarResource(thedarkcolour.kotlinforforge.kfflib)
[22Feb2026 19:50:35.642] [main/DEBUG] [mixin/]: Instancing new MixinPlatformAgentDefault for SecureJarResource(thedarkcolour.kotlinforforge.kfflib)
[22Feb2026 19:50:35.642] [main/DEBUG] [mixin/]: MixinPlatformAgentDefault accepted container SecureJarResource(thedarkcolour.kotlinforforge.kfflib)
[22Feb2026 19:50:35.642] [main/DEBUG] [mixin/]: Processing prepare() for PlatformAgent[MixinPlatformAgentDefault:SecureJarResource(thedarkcolour.kotlinforforge.kfflib)]
[22Feb2026 19:50:35.643] [main/DEBUG] [mixin/]: Adding mixin platform agents for container SecureJarResource(MixinExtras)
[22Feb2026 19:50:35.643] [main/DEBUG] [mixin/]: Instancing new MixinPlatformAgentMinecraftForge for SecureJarResource(MixinExtras)
[22Feb2026 19:50:35.643] [main/DEBUG] [mixin/]: MixinPlatformAgentMinecraftForge rejected container SecureJarResource(MixinExtras)
[22Feb2026 19:50:35.643] [main/DEBUG] [mixin/]: Instancing new MixinPlatformAgentDefault for SecureJarResource(MixinExtras)
[22Feb2026 19:50:35.643] [main/DEBUG] [mixin/]: MixinPlatformAgentDefault accepted container SecureJarResource(MixinExtras)
[22Feb2026 19:50:35.643] [main/DEBUG] [mixin/]: Processing prepare() for PlatformAgent[MixinPlatformAgentDefault:SecureJarResource(MixinExtras)]
[22Feb2026 19:50:35.643] [main/DEBUG] [mixin/]: inject() running with 34 agents
[22Feb2026 19:50:35.643] [main/DEBUG] [mixin/]: Processing inject() for PlatformAgent[MixinPlatformAgentDefault:ModLauncher Root Container(ModLauncher:4f56a0a2)]
[22Feb2026 19:50:35.643] [main/DEBUG] [mixin/]: Processing inject() for PlatformAgent[MixinPlatformAgentDefault:SecureJarResource(minecraft)]
[22Feb2026 19:50:35.643] [main/DEBUG] [mixin/]: Processing inject() for PlatformAgent[MixinPlatformAgentDefault:SecureJarResource(kuma_api)]
[22Feb2026 19:50:35.643] [main/DEBUG] [mixin/]: Processing inject() for PlatformAgent[MixinPlatformAgentDefault:SecureJarResource(jade)]
[22Feb2026 19:50:35.644] [main/DEBUG] [mixin/]: Processing inject() for PlatformAgent[MixinPlatformAgentDefault:SecureJarResource(geckolib)]
[22Feb2026 19:50:35.644] [main/DEBUG] [mixin/]: Processing inject() for PlatformAgent[MixinPlatformAgentDefault:SecureJarResource(slugterra)]
[22Feb2026 19:50:35.644] [main/DEBUG] [mixin/]: Processing inject() for PlatformAgent[MixinPlatformAgentDefault:SecureJarResource(jei)]
[22Feb2026 19:50:35.644] [main/DEBUG] [mixin/]: Processing inject() for PlatformAgent[MixinPlatformAgentDefault:SecureJarResource(cleanswing)]
[22Feb2026 19:50:35.644] [main/DEBUG] [mixin/]: Processing inject() for PlatformAgent[MixinPlatformAgentDefault:SecureJarResource(xaerolib)]
[22Feb2026 19:50:35.644] [main/DEBUG] [mixin/]: Processing inject() for PlatformAgent[MixinPlatformAgentDefault:SecureJarResource(kotlinforforge)]
[22Feb2026 19:50:35.644] [main/DEBUG] [mixin/]: Processing inject() for PlatformAgent[MixinPlatformAgentDefault:SecureJarResource(sophisticatedcore)]
[22Feb2026 19:50:35.644] [main/DEBUG] [mixin/]: Processing inject() for PlatformAgent[MixinPlatformAgentDefault:SecureJarResource(kleeslabs)]
[22Feb2026 19:50:35.644] [main/DEBUG] [mixin/]: Processing inject() for PlatformAgent[MixinPlatformAgentDefault:SecureJarResource(xaerominimap)]
[22Feb2026 19:50:35.644] [main/DEBUG] [mixin/]: Processing inject() for PlatformAgent[MixinPlatformAgentDefault:SecureJarResource(waystones)]
[22Feb2026 19:50:35.644] [main/DEBUG] [mixin/]: Processing inject() for PlatformAgent[MixinPlatformAgentDefault:SecureJarResource(gravestone)]
[22Feb2026 19:50:35.644] [main/DEBUG] [mixin/]: Processing inject() for PlatformAgent[MixinPlatformAgentDefault:SecureJarResource(collective)]
[22Feb2026 19:50:35.645] [main/DEBUG] [mixin/]: Processing inject() for PlatformAgent[MixinPlatformAgentDefault:SecureJarResource(xaeroworldmap)]
[22Feb2026 19:50:35.645] [main/DEBUG] [mixin/]: Processing inject() for PlatformAgent[MixinPlatformAgentDefault:SecureJarResource(inventoryhud)]
[22Feb2026 19:50:35.645] [main/DEBUG] [mixin/]: Processing inject() for PlatformAgent[MixinPlatformAgentDefault:SecureJarResource(sophisticatedbackpacks)]
[22Feb2026 19:50:35.645] [main/DEBUG] [mixin/]: Processing inject() for PlatformAgent[MixinPlatformAgentDefault:SecureJarResource(architectury)]
[22Feb2026 19:50:35.645] [main/DEBUG] [mixin/]: Processing inject() for PlatformAgent[MixinPlatformAgentDefault:SecureJarResource(tpaplusplus)]
[22Feb2026 19:50:35.645] [main/DEBUG] [mixin/]: Processing inject() for PlatformAgent[MixinPlatformAgentDefault:SecureJarResource(ldlib)]
[22Feb2026 19:50:35.645] [main/DEBUG] [mixin/]: Processing inject() for PlatformAgent[MixinPlatformAgentDefault:SecureJarResource(globalxp)]
[22Feb2026 19:50:35.645] [main/DEBUG] [mixin/]: Processing inject() for PlatformAgent[MixinPlatformAgentDefault:SecureJarResource(balm)]
[22Feb2026 19:50:35.645] [main/DEBUG] [mixin/]: Processing inject() for PlatformAgent[MixinPlatformAgentDefault:SecureJarResource(photon)]
[22Feb2026 19:50:35.645] [main/DEBUG] [mixin/]: Processing inject() for PlatformAgent[MixinPlatformAgentDefault:SecureJarResource(justzoom)]
[22Feb2026 19:50:35.645] [main/DEBUG] [mixin/]: Processing inject() for PlatformAgent[MixinPlatformAgentDefault:SecureJarResource(jeresources)]
[22Feb2026 19:50:35.646] [main/DEBUG] [mixin/]: Processing inject() for PlatformAgent[MixinPlatformAgentDefault:SecureJarResource(forge)]
[22Feb2026 19:50:35.646] [main/DEBUG] [mixin/]: Processing inject() for PlatformAgent[MixinPlatformAgentDefault:SecureJarResource(konkrete)]
[22Feb2026 19:50:35.646] [main/DEBUG] [mixin/]: Processing inject() for PlatformAgent[MixinPlatformAgentDefault:SecureJarResource(scaffoldingdropsnearby)]
[22Feb2026 19:50:35.646] [main/DEBUG] [mixin/]: Processing inject() for PlatformAgent[MixinPlatformAgentDefault:SecureJarResource(mclib)]
[22Feb2026 19:50:35.646] [main/DEBUG] [mixin/]: Processing inject() for PlatformAgent[MixinPlatformAgentDefault:SecureJarResource(mixinextras)]
[22Feb2026 19:50:35.646] [main/DEBUG] [mixin/]: Processing inject() for PlatformAgent[MixinPlatformAgentDefault:SecureJarResource(thedarkcolour.kotlinforforge.kfflib)]
[22Feb2026 19:50:35.646] [main/DEBUG] [mixin/]: Processing inject() for PlatformAgent[MixinPlatformAgentDefault:SecureJarResource(MixinExtras)]
[22Feb2026 19:50:35.646] [main/INFO] [cpw.mods.modlauncher.LaunchServiceHandler/MODLAUNCHER]: Launching target 'forgeserver' with arguments [nogui]
[22Feb2026 19:50:35.707] [main/DEBUG] [mixin/]: Error cleaning class output directory: .mixin.out
[22Feb2026 19:50:35.708] [main/DEBUG] [mixin/]: Preparing mixins for MixinEnvironment[DEFAULT]
[22Feb2026 19:50:35.708] [main/DEBUG] [mixin/]: Selecting config kuma_api.mixins.json
[22Feb2026 19:50:35.711] [main/DEBUG] [mixin/]: Selecting config kuma_api.forge.mixins.json
[22Feb2026 19:50:35.712] [main/DEBUG] [mixin/]: Selecting config jade.mixins.json
[22Feb2026 19:50:35.713] [main/DEBUG] [mixin/]: Selecting config geckolib.mixins.json
[22Feb2026 19:50:35.714] [main/DEBUG] [mixin/]: Selecting config mixins.slugterra.json
[22Feb2026 19:50:35.715] [main/DEBUG] [mixin/]: Selecting config xaerolib.mixins.json
[22Feb2026 19:50:35.722] [main/DEBUG] [mixin/]: Selecting config xaerolib.forge.mixins.json
[22Feb2026 19:50:35.723] [main/DEBUG] [mixin/]: Selecting config sophisticatedcore.mixins.json
[22Feb2026 19:50:35.724] [main/DEBUG] [mixin/]: Selecting config kleeslabs.mixins.json
[22Feb2026 19:50:35.725] [main/DEBUG] [mixin/]: Selecting config xaerohud.mixins.json
[22Feb2026 19:50:35.726] [main/DEBUG] [mixin/]: Selecting config xaerohud.forge.mixins.json
[22Feb2026 19:50:35.727] [main/DEBUG] [mixin/]: Selecting config xaerominimap.mixins.json
[22Feb2026 19:50:35.728] [main/DEBUG] [mixin/]: Selecting config xaerominimap.forge.mixins.json
[22Feb2026 19:50:35.730] [main/DEBUG] [mixin/]: Selecting config waystones.mixins.json
[22Feb2026 19:50:35.731] [main/DEBUG] [mixin/]: Selecting config collective_forge.mixins.json
[22Feb2026 19:50:35.731] [main/DEBUG] [mixin/]: Selecting config xaeroworldmap.mixins.json
[22Feb2026 19:50:35.735] [main/DEBUG] [mixin/]: Selecting config xaeroworldmap.forge.mixins.json
[22Feb2026 19:50:35.736] [main/DEBUG] [mixin/]: Selecting config architectury.mixins.json
[22Feb2026 19:50:35.738] [main/DEBUG] [mixin/]: Selecting config architectury-common.mixins.json
[22Feb2026 19:50:35.739] [main/DEBUG] [mixin/]: Selecting config ldlib-common.mixins.json
[22Feb2026 19:50:35.744] [main/DEBUG] [mixin/]: Selecting config ldlib.mixins.json
[22Feb2026 19:50:35.745] [main/DEBUG] [mixin/]: Selecting config balm.mixins.json
[22Feb2026 19:50:35.747] [main/DEBUG] [mixin/]: Selecting config photon-common.mixins.json
[22Feb2026 19:50:35.748] [main/DEBUG] [mixin/]: Selecting config photon.mixins.json
[22Feb2026 19:50:35.750] [main/DEBUG] [mixin/]: Selecting config justzoom.mixins.json
[22Feb2026 19:50:35.752] [main/DEBUG] [mixin/]: Selecting config justzoom.forge.mixins.json
[22Feb2026 19:50:35.753] [main/DEBUG] [mixin/]: Selecting config konkrete.mixin.json
[22Feb2026 19:50:35.754] [main/DEBUG] [mixin/]: Selecting config scaffoldingdropsnearby_forge.mixins.json
[22Feb2026 19:50:35.756] [main/DEBUG] [mixin/]: Selecting config mixinextras.init.mixins.json
[22Feb2026 19:50:35.799] [main/DEBUG] [MixinExtras|Service/]: com.llamalad7.mixinextras.service.MixinExtrasServiceImpl(version=0.5.0) is taking over from null
[22Feb2026 19:50:35.886] [main/DEBUG] [mixin/]: Registering new injector for @Inject with org.spongepowered.asm.mixin.injection.struct.CallbackInjectionInfo
[22Feb2026 19:50:35.887] [main/DEBUG] [mixin/]: Registering new injector for @ModifyArg with org.spongepowered.asm.mixin.injection.struct.ModifyArgInjectionInfo
[22Feb2026 19:50:35.888] [main/DEBUG] [mixin/]: Registering new injector for @ModifyArgs with org.spongepowered.asm.mixin.injection.struct.ModifyArgsInjectionInfo
[22Feb2026 19:50:35.890] [main/DEBUG] [mixin/]: Registering new injector for @Redirect with org.spongepowered.asm.mixin.injection.struct.RedirectInjectionInfo
[22Feb2026 19:50:35.891] [main/DEBUG] [mixin/]: Registering new injector for @ModifyVariable with org.spongepowered.asm.mixin.injection.struct.ModifyVariableInjectionInfo
[22Feb2026 19:50:35.892] [main/DEBUG] [mixin/]: Registering new injector for @ModifyConstant with org.spongepowered.asm.mixin.injection.struct.ModifyConstantInjectionInfo
[22Feb2026 19:50:35.901] [main/DEBUG] [mixin/]: Preparing kuma_api.mixins.json (1)
[22Feb2026 19:50:35.901] [main/DEBUG] [mixin/]: Preparing kuma_api.forge.mixins.json (0)
[22Feb2026 19:50:35.901] [main/DEBUG] [mixin/]: Preparing jade.mixins.json (2)
[22Feb2026 19:50:35.901] [main/DEBUG] [mixin/]: Preparing geckolib.mixins.json (1)
[22Feb2026 19:50:35.901] [main/DEBUG] [mixin/]: Preparing mixins.slugterra.json (3)
[22Feb2026 19:50:35.955] [main/DEBUG] [mixin/]: Preparing xaerolib.mixins.json (5)
[22Feb2026 19:50:35.976] [main/DEBUG] [mixin/]: Preparing xaerolib.forge.mixins.json (0)
[22Feb2026 19:50:35.977] [main/DEBUG] [mixin/]: Preparing sophisticatedcore.mixins.json (1)
[22Feb2026 19:50:35.980] [main/DEBUG] [mixin/]: Preparing kleeslabs.mixins.json (1)
[22Feb2026 19:50:35.980] [main/DEBUG] [mixin/]: Preparing xaerohud.mixins.json (21)
[22Feb2026 19:50:35.997] [main/DEBUG] [mixin/]: Preparing xaerohud.forge.mixins.json (0)
[22Feb2026 19:50:35.997] [main/DEBUG] [mixin/]: Preparing xaerominimap.mixins.json (0)
[22Feb2026 19:50:35.997] [main/DEBUG] [mixin/]: Preparing xaerominimap.forge.mixins.json (0)
[22Feb2026 19:50:35.997] [main/DEBUG] [mixin/]: Preparing waystones.mixins.json (3)
[22Feb2026 19:50:36.004] [main/DEBUG] [mixin/]: Preparing collective_forge.mixins.json (5)
[22Feb2026 19:50:36.012] [main/DEBUG] [mixin/]: Preparing xaeroworldmap.mixins.json (11)
[22Feb2026 19:50:36.013] [main/DEBUG] [mixin/]: Preparing xaeroworldmap.forge.mixins.json (2)
[22Feb2026 19:50:36.013] [main/DEBUG] [mixin/]: Preparing architectury.mixins.json (9)
[22Feb2026 19:50:36.024] [main/DEBUG] [mixin/]: Preparing architectury-common.mixins.json (10)
[22Feb2026 19:50:36.037] [main/DEBUG] [net.minecraftforge.coremod.transformer.CoreModBaseTransformer/COREMOD]: Transforming net/minecraft/world/item/BucketItem
[22Feb2026 19:50:36.051] [main/DEBUG] [net.minecraftforge.coremod.transformer.CoreModBaseTransformer/COREMOD]: Transforming net/minecraft/world/entity/EntityType
[22Feb2026 19:50:36.256] [main/DEBUG] [net.minecraftforge.coremod.transformer.CoreModBaseTransformer/COREMOD]: Transforming net/minecraft/world/level/block/LiquidBlock
[22Feb2026 19:50:36.262] [main/DEBUG] [mixin/]: Preparing ldlib-common.mixins.json (29)
[22Feb2026 19:50:36.303] [main/DEBUG] [mixin/]: Preparing ldlib.mixins.json (3)
[22Feb2026 19:50:36.304] [main/DEBUG] [mixin/]: Preparing balm.mixins.json (16)
[22Feb2026 19:50:36.314] [main/DEBUG] [mixin/]: Preparing photon-common.mixins.json (5)
[22Feb2026 19:50:36.314] [main/DEBUG] [mixin/]: Preparing photon.mixins.json (3)
[22Feb2026 19:50:36.315] [main/DEBUG] [mixin/]: Preparing justzoom.mixins.json (5)
[22Feb2026 19:50:36.315] [main/DEBUG] [mixin/]: Preparing justzoom.forge.mixins.json (0)
[22Feb2026 19:50:36.315] [main/DEBUG] [mixin/]: Preparing konkrete.mixin.json (5)
[22Feb2026 19:50:36.315] [main/DEBUG] [mixin/]: Preparing scaffoldingdropsnearby_forge.mixins.json (0)
[22Feb2026 19:50:36.315] [main/DEBUG] [mixin/]: Preparing mixinextras.init.mixins.json (0)
[22Feb2026 19:50:36.466] [main/DEBUG] [mixin/]: Prepared 52 mixins in 0.758 sec (14.6ms avg) (0ms load, 0ms transform, 0ms plugin)
[22Feb2026 19:50:36.480] [main/INFO] [MixinExtras|Service/]: Initializing MixinExtras via com.llamalad7.mixinextras.service.MixinExtrasServiceImpl(version=0.5.0).
[22Feb2026 19:50:36.481] [main/DEBUG] [mixin/]: Registering new injector for @SugarWrapper with com.llamalad7.mixinextras.sugar.impl.SugarWrapperInjectionInfo
[22Feb2026 19:50:36.482] [main/DEBUG] [mixin/]: Registering new injector for @FactoryRedirectWrapper with com.llamalad7.mixinextras.wrapper.factory.FactoryRedirectWrapperInjectionInfo
[22Feb2026 19:50:36.483] [main/DEBUG] [mixin/]: Registering new injector for @ExpressionInjectorWrapper with com.llamalad7.mixinextras.expression.impl.wrapper.ExpressionInjectorWrapperInjectionInfo
[22Feb2026 19:50:36.497] [main/DEBUG] [mixin/]: Mixing MixinMinecraftServer from xaerohud.mixins.json into net.minecraft.server.MinecraftServer
[22Feb2026 19:50:36.506] [main/DEBUG] [mixin/]: Mixing MixinMinecraftServer from xaeroworldmap.mixins.json into net.minecraft.server.MinecraftServer
[22Feb2026 19:50:36.508] [main/DEBUG] [mixin/]: Mixing MinecraftServerMixin from balm.mixins.json into net.minecraft.server.MinecraftServer
[22Feb2026 19:50:36.508] [main/DEBUG] [mixin/]: Renaming synthetic method lambda$reloadResources$0(Ljava/lang/Void;)V to md66eeff$lambda$reloadResources$0$0 in balm.mixins.json:MinecraftServerMixin
[22Feb2026 19:50:36.724] [main/DEBUG] [io.netty.util.internal.logging.InternalLoggerFactory/]: Using SLF4J as the default logging framework
[22Feb2026 19:50:36.728] [main/DEBUG] [io.netty.util.ResourceLeakDetector/]: -Dio.netty.leakDetection.level: simple
[22Feb2026 19:50:36.728] [main/DEBUG] [io.netty.util.ResourceLeakDetector/]: -Dio.netty.leakDetection.targetRecords: 4
[22Feb2026 19:50:37.132] [main/DEBUG] [oshi.util.FileUtil/]: No oshi.properties file found from ClassLoader cpw.mods.modlauncher.TransformingClassLoader@f0a66bd
[22Feb2026 19:50:37.133] [main/DEBUG] [oshi.util.FileUtil/]: No oshi.properties file found from ClassLoader jdk.internal.loader.ClassLoaders$AppClassLoader@76ed5528
[22Feb2026 19:50:37.208] [main/DEBUG] [oshi.util.FileUtil/]: Reading file /proc/self/auxv
[22Feb2026 19:50:37.209] [main/DEBUG] [oshi.util.FileUtil/]: Reading file /proc/self/auxv
[22Feb2026 19:50:37.216] [main/DEBUG] [oshi.util.FileUtil/]: Reading file /proc/stat
[22Feb2026 19:50:37.225] [main/DEBUG] [oshi.util.FileUtil/]: Reading file /sys/devices/system/cpu/cpu0/topology/core_id
[22Feb2026 19:50:37.225] [main/DEBUG] [oshi.util.FileUtil/]: Reading file /sys/devices/system/cpu/cpu0/topology/core_id
[22Feb2026 19:50:37.225] [main/DEBUG] [oshi.util.FileUtil/]: Reading file /sys/devices/system/cpu/cpu0/topology/physical_package_id
[22Feb2026 19:50:37.226] [main/DEBUG] [oshi.util.FileUtil/]: Reading file /sys/devices/system/cpu/cpu0/topology/physical_package_id
[22Feb2026 19:50:37.226] [main/DEBUG] [oshi.util.FileUtil/]: Reading file /sys/devices/system/cpu/cpu0/cpu_capacity
[22Feb2026 19:50:37.228] [main/DEBUG] [oshi.util.FileUtil/]: Reading file /sys/devices/system/cpu/cpu1/topology/core_id
[22Feb2026 19:50:37.228] [main/DEBUG] [oshi.util.FileUtil/]: Reading file /sys/devices/system/cpu/cpu1/topology/core_id
[22Feb2026 19:50:37.228] [main/DEBUG] [oshi.util.FileUtil/]: Reading file /sys/devices/system/cpu/cpu1/topology/physical_package_id
[22Feb2026 19:50:37.228] [main/DEBUG] [oshi.util.FileUtil/]: Reading file /sys/devices/system/cpu/cpu1/topology/physical_package_id
[22Feb2026 19:50:37.229] [main/DEBUG] [oshi.util.FileUtil/]: Reading file /sys/devices/system/cpu/cpu1/cpu_capacity
[22Feb2026 19:50:37.229] [main/DEBUG] [oshi.util.FileUtil/]: Reading file /sys/devices/system/cpu/cpu2/topology/core_id
[22Feb2026 19:50:37.229] [main/DEBUG] [oshi.util.FileUtil/]: Reading file /sys/devices/system/cpu/cpu2/topology/core_id
[22Feb2026 19:50:37.229] [main/DEBUG] [oshi.util.FileUtil/]: Reading file /sys/devices/system/cpu/cpu2/topology/physical_package_id
[22Feb2026 19:50:37.229] [main/DEBUG] [oshi.util.FileUtil/]: Reading file /sys/devices/system/cpu/cpu2/topology/physical_package_id
[22Feb2026 19:50:37.229] [main/DEBUG] [oshi.util.FileUtil/]: Reading file /sys/devices/system/cpu/cpu2/cpu_capacity
[22Feb2026 19:50:37.230] [main/DEBUG] [oshi.util.FileUtil/]: Reading file /sys/devices/system/cpu/cpu3/topology/core_id
[22Feb2026 19:50:37.230] [main/DEBUG] [oshi.util.FileUtil/]: Reading file /sys/devices/system/cpu/cpu3/topology/core_id
[22Feb2026 19:50:37.230] [main/DEBUG] [oshi.util.FileUtil/]: Reading file /sys/devices/system/cpu/cpu3/topology/physical_package_id
[22Feb2026 19:50:37.230] [main/DEBUG] [oshi.util.FileUtil/]: Reading file /sys/devices/system/cpu/cpu3/topology/physical_package_id
[22Feb2026 19:50:37.230] [main/DEBUG] [oshi.util.FileUtil/]: Reading file /sys/devices/system/cpu/cpu3/cpu_capacity
[22Feb2026 19:50:37.232] [main/DEBUG] [oshi.util.FileUtil/]: Reading file /proc/cpuinfo
[22Feb2026 19:50:37.240] [main/DEBUG] [oshi.util.FileUtil/]: Reading file /proc/self/auxv
[22Feb2026 19:50:37.242] [main/DEBUG] [oshi.util.FileUtil/]: No oshi.architecture.properties file found from ClassLoader cpw.mods.modlauncher.TransformingClassLoader@f0a66bd
[22Feb2026 19:50:37.242] [main/DEBUG] [oshi.util.FileUtil/]: No oshi.architecture.properties file found from ClassLoader jdk.internal.loader.ClassLoaders$AppClassLoader@76ed5528
[22Feb2026 19:50:37.256] [main/DEBUG] [oshi.util.FileUtil/]: Reading file /proc/meminfo
[22Feb2026 19:50:37.257] [main/DEBUG] [oshi.util.FileUtil/]: Reading file /proc/meminfo
[22Feb2026 19:50:37.453] [main/DEBUG] [mixin/]: Mixing inject.MixinGameEvent from architectury-common.mixins.json into net.minecraft.world.level.gameevent.GameEvent
[22Feb2026 19:50:37.505] [main/DEBUG] [mixin/]: Mixing inject.MixinBlock from architectury-common.mixins.json into net.minecraft.world.level.block.Block
[22Feb2026 19:50:37.544] [main/DEBUG] [mixin/]: Mixing accessor.EntityAccessor from ldlib-common.mixins.json into net.minecraft.world.entity.Entity
[22Feb2026 19:50:37.550] [main/DEBUG] [mixin/]: Mixing EntityMixin from balm.mixins.json into net.minecraft.world.entity.Entity
[22Feb2026 19:50:37.656] [main/DEBUG] [mixin/]: Mixing PlayerDropShoulderMixin from mixins.slugterra.json into net.minecraft.world.entity.player.Player
[22Feb2026 19:50:37.669] [main/DEBUG] [mixin/]: Renaming synthetic method lambda$isSlug$0(Lnet/minecraft/world/entity/EntityType;)Ljava/lang/Boolean; to md66eeff$lambda$isSlug$0$0 in mixins.slugterra.json:PlayerDropShoulderMixin
[22Feb2026 19:50:37.765] [main/DEBUG] [mixin/]: Mixing inject.MixinFluid from architectury-common.mixins.json into net.minecraft.world.level.material.Fluid
[22Feb2026 19:50:37.770] [main/DEBUG] [mixin/]: Mixing inject.MixinItem from architectury-common.mixins.json into net.minecraft.world.item.Item
[22Feb2026 19:50:37.787] [main/DEBUG] [net.minecraftforge.coremod.transformer.CoreModBaseTransformer/COREMOD]: Transforming net/minecraft/world/entity/EntityType
[22Feb2026 19:50:37.877] [main/DEBUG] [mixin/]: Mixing inject.MixinEntityType from architectury-common.mixins.json into net.minecraft.world.entity.EntityType
[22Feb2026 19:50:37.951] [main/DEBUG] [mixin/]: Mixing CreativeModeTabMixin from mixins.slugterra.json into net.minecraft.world.item.CreativeModeTab
[22Feb2026 19:50:37.984] [main/DEBUG] [net.minecraftforge.coremod.transformer.CoreModBaseTransformer/COREMOD]: Transforming net/minecraft/world/item/ItemStack
[22Feb2026 19:50:38.374] [main/DEBUG] [net.minecraftforge.coremod.transformer.CoreModBaseTransformer/COREMOD]: Transforming net/minecraft/world/level/block/LiquidBlock
[22Feb2026 19:50:38.374] [main/DEBUG] [mixin/]: Mixing inject.MixinLiquidBlock from architectury-common.mixins.json into net.minecraft.world.level.block.LiquidBlock
[22Feb2026 19:50:38.405] [main/DEBUG] [net.minecraftforge.coremod.transformer.CoreModBaseTransformer/COREMOD]: Transforming net/minecraft/world/level/block/StairBlock
[22Feb2026 19:50:38.416] [main/DEBUG] [mixin/]: Mixing CropBlockMixin from balm.mixins.json into net.minecraft.world.level.block.CropBlock
[22Feb2026 19:50:38.465] [main/DEBUG] [mixin/]: Mixing StemBlockMixin from balm.mixins.json into net.minecraft.world.level.block.StemBlock
[22Feb2026 19:50:38.486] [main/DEBUG] [net.minecraftforge.coremod.transformer.CoreModBaseTransformer/COREMOD]: Transforming net/minecraft/world/level/block/FlowerPotBlock
[22Feb2026 19:50:38.738] [main/DEBUG] [mixin/]: Mixing BlockEntityMixin from ldlib-common.mixins.json into net.minecraft.world.level.block.entity.BlockEntity
[22Feb2026 19:50:38.747] [main/DEBUG] [mixin/]: Mixing BlockEntityMixin from collective_forge.mixins.json into net.minecraft.world.level.block.entity.BlockEntity
[22Feb2026 19:50:38.786] [main/DEBUG] [mixin/]: Mixing MixinFallingBlockEntity from architectury.mixins.json into net.minecraft.world.entity.item.FallingBlockEntity
[22Feb2026 19:50:39.424] [main/DEBUG] [mixin/]: Mixing accessor.AbstractContainerMenuAccessor from ldlib-common.mixins.json into net.minecraft.world.inventory.AbstractContainerMenu
[22Feb2026 19:50:39.693] [main/DEBUG] [net.minecraftforge.coremod.transformer.CoreModBaseTransformer/COREMOD]: Transforming net/minecraft/world/item/ItemStack
[22Feb2026 19:50:40.531] [main/DEBUG] [mixin/]: Mixing MixinLightningBolt from architectury-common.mixins.json into net.minecraft.world.entity.LightningBolt
[22Feb2026 19:50:40.645] [main/DEBUG] [net.minecraftforge.coremod.transformer.CoreModBaseTransformer/COREMOD]: Transforming net/minecraft/world/entity/animal/frog/Tadpole
[22Feb2026 19:50:40.706] [main/DEBUG] [net.minecraftforge.coremod.transformer.CoreModBaseTransformer/COREMOD]: Transforming net/minecraft/world/item/BucketItem
[22Feb2026 19:50:40.706] [main/DEBUG] [mixin/]: Mixing inject.MixinBucketItem from architectury-common.mixins.json into net.minecraft.world.item.BucketItem
[22Feb2026 19:50:40.714] [main/DEBUG] [mixin/]: Mixing BoneMealItemMixin from collective_forge.mixins.json into net.minecraft.world.item.BoneMealItem
[22Feb2026 19:50:40.749] [main/DEBUG] [mixin/]: Mixing inject.MixinItemProperties from architectury-common.mixins.json into net.minecraft.world.item.Item$Properties
[22Feb2026 19:50:41.536] [main/DEBUG] [net.minecraftforge.coremod.transformer.CoreModBaseTransformer/COREMOD]: Transforming net/minecraft/world/entity/monster/Spider
[22Feb2026 19:50:41.574] [main/DEBUG] [net.minecraftforge.coremod.transformer.CoreModBaseTransformer/COREMOD]: Transforming net/minecraft/world/entity/monster/Zombie
[22Feb2026 19:50:41.619] [main/DEBUG] [net.minecraftforge.coremod.transformer.CoreModBaseTransformer/COREMOD]: Transforming net/minecraft/world/entity/monster/ZombieVillager
[22Feb2026 19:50:41.670] [main/DEBUG] [net.minecraftforge.coremod.transformer.CoreModBaseTransformer/COREMOD]: Transforming net/minecraft/world/entity/monster/Evoker$EvokerSummonSpellGoal
[22Feb2026 19:50:41.769] [main/DEBUG] [net.minecraftforge.coremod.transformer.CoreModBaseTransformer/COREMOD]: Transforming net/minecraft/world/entity/animal/horse/SkeletonTrapGoal
[22Feb2026 19:50:41.787] [main/DEBUG] [net.minecraftforge.coremod.transformer.CoreModBaseTransformer/COREMOD]: Transforming net/minecraft/world/entity/monster/Strider
[22Feb2026 19:50:41.841] [main/DEBUG] [mixin/]: Mixing MixinServerPlayer from xaerolib.mixins.json into net.minecraft.server.level.ServerPlayer
[22Feb2026 19:50:41.842] [main/DEBUG] [mixin/]: Mixing MixinServerPlayer from xaerohud.mixins.json into net.minecraft.server.level.ServerPlayer
[22Feb2026 19:50:41.843] [main/DEBUG] [mixin/]: Mixing MixinServerPlayer from xaeroworldmap.mixins.json into net.minecraft.server.level.ServerPlayer
[22Feb2026 19:50:41.844] [main/DEBUG] [mixin/]: Mixing accessor.ServerPlayerAccessor from ldlib-common.mixins.json into net.minecraft.server.level.ServerPlayer
[22Feb2026 19:50:41.888] [main/DEBUG] [net.minecraftforge.coremod.transformer.CoreModBaseTransformer/COREMOD]: Transforming net/minecraft/world/entity/npc/Villager
[22Feb2026 19:50:41.976] [main/DEBUG] [mixin/]: Mixing inject.MixinFoodPropertiesBuilder from architectury-common.mixins.json into net.minecraft.world.food.FoodProperties$Builder
[22Feb2026 19:50:41.978] [main/DEBUG] [net.minecraftforge.coremod.transformer.CoreModBaseTransformer/COREMOD]: Transforming net/minecraft/world/effect/MobEffectInstance
[22Feb2026 19:50:42.120] [main/DEBUG] [mixin/]: Mixing accessor.SlotAccessor from ldlib-common.mixins.json into net.minecraft.world.inventory.Slot
[22Feb2026 19:50:42.121] [main/DEBUG] [mixin/]: Mixing SlotAccessor from balm.mixins.json into net.minecraft.world.inventory.Slot
[22Feb2026 19:50:42.121] [main/DEBUG] [mixin/]: Unexpected: Registered method setX(I)V in net.minecraft.world.inventory.Slot was not merged
[22Feb2026 19:50:42.121] [main/DEBUG] [mixin/]: Unexpected: Registered method setY(I)V in net.minecraft.world.inventory.Slot was not merged
[22Feb2026 19:50:42.260] [main/DEBUG] [mixin/]: Mixing DimensionTypeMixin from mixins.slugterra.json into net.minecraft.world.level.dimension.DimensionType
[22Feb2026 19:50:42.415] [main/DEBUG] [net.minecraftforge.coremod.transformer.CoreModBaseTransformer/COREMOD]: Transforming net/minecraft/world/level/levelgen/structure/Structure
[22Feb2026 19:50:42.448] [main/DEBUG] [net.minecraftforge.coremod.transformer.CoreModBaseTransformer/COREMOD]: Transforming net/minecraft/world/level/levelgen/structure/structures/OceanRuinPieces$OceanRuinPiece
[22Feb2026 19:50:42.460] [main/DEBUG] [net.minecraftforge.coremod.transformer.CoreModBaseTransformer/COREMOD]: Transforming net/minecraft/world/level/levelgen/structure/structures/SwampHutPiece
[22Feb2026 19:50:42.471] [main/DEBUG] [net.minecraftforge.coremod.transformer.CoreModBaseTransformer/COREMOD]: Transforming net/minecraft/world/level/levelgen/structure/structures/OceanMonumentPieces$OceanMonumentPiece
[22Feb2026 19:50:42.488] [main/DEBUG] [net.minecraftforge.coremod.transformer.CoreModBaseTransformer/COREMOD]: Transforming net/minecraft/world/level/levelgen/structure/structures/WoodlandMansionPieces$WoodlandMansionPiece
[22Feb2026 19:50:42.512] [main/DEBUG] [mixin/]: Mixing StructureTemplatePoolAccessor from waystones.mixins.json into net.minecraft.world.level.levelgen.structure.pools.StructureTemplatePool
[22Feb2026 19:50:42.577] [main/DEBUG] [net.minecraftforge.coremod.transformer.CoreModBaseTransformer/COREMOD]: Transforming net/minecraft/world/level/biome/Biome
[22Feb2026 19:50:42.733] [main/DEBUG] [mixin/]: Mixing SinglePoolElementMixin from waystones.mixins.json into net.minecraft.world.level.levelgen.structure.pools.SinglePoolElement
[22Feb2026 19:50:42.735] [main/DEBUG] [mixin/]: Renaming synthetic method lambda$waystones$isWaystone$1(Lnet/minecraft/world/level/levelgen/structure/templatesystem/StructureTemplate;)V to md66eeff$lambda$waystones$isWaystone$1$0 in waystones.mixins.json:SinglePoolElementMixin
[22Feb2026 19:50:42.735] [main/DEBUG] [mixin/]: Renaming synthetic method lambda$waystones$isWaystone$0(Lnet/minecraft/resources/ResourceLocation;)V to md66eeff$lambda$waystones$isWaystone$0$1 in waystones.mixins.json:SinglePoolElementMixin
[22Feb2026 19:50:42.744] [main/DEBUG] [net.minecraftforge.coremod.transformer.CoreModBaseTransformer/COREMOD]: Transforming net/minecraft/world/level/levelgen/structure/templatesystem/StructureTemplate
[22Feb2026 19:50:43.073] [main/DEBUG] [net.minecraftforge.common.ForgeI18n/CORE]: Loading I18N data entries: 6430
[22Feb2026 19:50:43.087] [main/DEBUG] [net.minecraftforge.fml.ModWorkManager/LOADING]: Using 4 threads for parallel mod-loading
[22Feb2026 19:50:43.092] [main/DEBUG] [net.minecraftforge.fml.javafmlmod.FMLJavaModLanguageProvider/LOADING]: Loading FMLModContainer from classloader cpw.mods.modlauncher.TransformingClassLoader@f0a66bd - got cpw.mods.cl.ModuleClassLoader@18a645fd
[22Feb2026 19:50:43.092] [main/DEBUG] [net.minecraftforge.fml.javafmlmod.FMLModContainer/LOADING]: Creating FMLModContainer instance for net.blay09.mods.kuma.forge.ForgeKumaAPI
[22Feb2026 19:50:43.095] [main/DEBUG] [net.minecraftforge.fml.javafmlmod.FMLJavaModLanguageProvider/LOADING]: Loading FMLModContainer from classloader cpw.mods.modlauncher.TransformingClassLoader@f0a66bd - got cpw.mods.cl.ModuleClassLoader@18a645fd
[22Feb2026 19:50:43.095] [main/DEBUG] [net.minecraftforge.fml.javafmlmod.FMLModContainer/LOADING]: Creating FMLModContainer instance for snownee.jade.util.CommonProxy
[22Feb2026 19:50:43.097] [main/DEBUG] [net.minecraftforge.fml.javafmlmod.FMLJavaModLanguageProvider/LOADING]: Loading FMLModContainer from classloader cpw.mods.modlauncher.TransformingClassLoader@f0a66bd - got cpw.mods.cl.ModuleClassLoader@18a645fd
[22Feb2026 19:50:43.097] [main/DEBUG] [net.minecraftforge.fml.javafmlmod.FMLModContainer/LOADING]: Creating FMLModContainer instance for software.bernie.example.GeckoLibMod
[22Feb2026 19:50:43.097] [main/DEBUG] [net.minecraftforge.fml.javafmlmod.FMLJavaModLanguageProvider/LOADING]: Loading FMLModContainer from classloader cpw.mods.modlauncher.TransformingClassLoader@f0a66bd - got cpw.mods.cl.ModuleClassLoader@18a645fd
[22Feb2026 19:50:43.097] [main/DEBUG] [net.minecraftforge.fml.javafmlmod.FMLModContainer/LOADING]: Creating FMLModContainer instance for falconnex.legendsofslugterra.SlugterraMod
[22Feb2026 19:50:43.098] [main/DEBUG] [net.minecraftforge.fml.javafmlmod.FMLJavaModLanguageProvider/LOADING]: Loading FMLModContainer from classloader cpw.mods.modlauncher.TransformingClassLoader@f0a66bd - got cpw.mods.cl.ModuleClassLoader@18a645fd
[22Feb2026 19:50:43.098] [main/DEBUG] [net.minecraftforge.fml.javafmlmod.FMLModContainer/LOADING]: Creating FMLModContainer instance for mezz.jei.forge.JustEnoughItems
[22Feb2026 19:50:43.098] [main/DEBUG] [net.minecraftforge.fml.javafmlmod.FMLJavaModLanguageProvider/LOADING]: Loading FMLModContainer from classloader cpw.mods.modlauncher.TransformingClassLoader@f0a66bd - got cpw.mods.cl.ModuleClassLoader@18a645fd
[22Feb2026 19:50:43.098] [main/DEBUG] [net.minecraftforge.fml.javafmlmod.FMLModContainer/LOADING]: Creating FMLModContainer instance for com.ldtteam.cleanswing.CleanSwing
[22Feb2026 19:50:43.099] [main/DEBUG] [net.minecraftforge.fml.javafmlmod.FMLJavaModLanguageProvider/LOADING]: Loading FMLModContainer from classloader cpw.mods.modlauncher.TransformingClassLoader@f0a66bd - got cpw.mods.cl.ModuleClassLoader@18a645fd
[22Feb2026 19:50:43.099] [main/DEBUG] [net.minecraftforge.fml.javafmlmod.FMLModContainer/LOADING]: Creating FMLModContainer instance for xaero.lib.XaeroLibForge
[22Feb2026 19:50:43.101] [main/DEBUG] [thedarkcolour.kotlinforforge.LoggerKt/LOADING]: Loading KotlinModContainer from classloader cpw.mods.modlauncher.TransformingClassLoader@f0a66bd - got cpw.mods.cl.ModuleClassLoader@18a645fd}
[22Feb2026 19:50:43.101] [main/DEBUG] [thedarkcolour.kotlinforforge.LoggerKt/LOADING]: Creating KotlinModContainer instance for thedarkcolour.kotlinforforge.test.KotlinForForge
[22Feb2026 19:50:43.103] [main/DEBUG] [net.minecraftforge.fml.javafmlmod.FMLJavaModLanguageProvider/LOADING]: Loading FMLModContainer from classloader cpw.mods.modlauncher.TransformingClassLoader@f0a66bd - got cpw.mods.cl.ModuleClassLoader@18a645fd
[22Feb2026 19:50:43.103] [main/DEBUG] [net.minecraftforge.fml.javafmlmod.FMLModContainer/LOADING]: Creating FMLModContainer instance for net.p3pp3rf1y.sophisticatedcore.SophisticatedCore
[22Feb2026 19:50:43.103] [main/DEBUG] [net.minecraftforge.fml.javafmlmod.FMLJavaModLanguageProvider/LOADING]: Loading FMLModContainer from classloader cpw.mods.modlauncher.TransformingClassLoader@f0a66bd - got cpw.mods.cl.ModuleClassLoader@18a645fd
[22Feb2026 19:50:43.103] [main/DEBUG] [net.minecraftforge.fml.javafmlmod.FMLModContainer/LOADING]: Creating FMLModContainer instance for net.blay09.mods.kleeslabs.ForgeKleeSlabs
[22Feb2026 19:50:43.104] [main/DEBUG] [net.minecraftforge.fml.javafmlmod.FMLJavaModLanguageProvider/LOADING]: Loading FMLModContainer from classloader cpw.mods.modlauncher.TransformingClassLoader@f0a66bd - got cpw.mods.cl.ModuleClassLoader@18a645fd
[22Feb2026 19:50:43.104] [main/DEBUG] [net.minecraftforge.fml.javafmlmod.FMLModContainer/LOADING]: Creating FMLModContainer instance for xaero.minimap.XaeroMinimapForge
[22Feb2026 19:50:43.106] [main/DEBUG] [net.minecraftforge.fml.javafmlmod.FMLJavaModLanguageProvider/LOADING]: Loading FMLModContainer from classloader cpw.mods.modlauncher.TransformingClassLoader@f0a66bd - got cpw.mods.cl.ModuleClassLoader@18a645fd
[22Feb2026 19:50:43.106] [main/DEBUG] [net.minecraftforge.fml.javafmlmod.FMLModContainer/LOADING]: Creating FMLModContainer instance for net.blay09.mods.waystones.ForgeWaystones
[22Feb2026 19:50:43.107] [main/DEBUG] [net.minecraftforge.fml.javafmlmod.FMLJavaModLanguageProvider/LOADING]: Loading FMLModContainer from classloader cpw.mods.modlauncher.TransformingClassLoader@f0a66bd - got cpw.mods.cl.ModuleClassLoader@18a645fd
[22Feb2026 19:50:43.107] [main/DEBUG] [net.minecraftforge.fml.javafmlmod.FMLModContainer/LOADING]: Creating FMLModContainer instance for de.maxhenkel.gravestone.Main
[22Feb2026 19:50:43.108] [main/DEBUG] [net.minecraftforge.fml.javafmlmod.FMLJavaModLanguageProvider/LOADING]: Loading FMLModContainer from classloader cpw.mods.modlauncher.TransformingClassLoader@f0a66bd - got cpw.mods.cl.ModuleClassLoader@18a645fd
[22Feb2026 19:50:43.108] [main/DEBUG] [net.minecraftforge.fml.javafmlmod.FMLModContainer/LOADING]: Creating FMLModContainer instance for com.natamus.collective.CollectiveForge
[22Feb2026 19:50:43.108] [main/DEBUG] [net.minecraftforge.fml.javafmlmod.FMLJavaModLanguageProvider/LOADING]: Loading FMLModContainer from classloader cpw.mods.modlauncher.TransformingClassLoader@f0a66bd - got cpw.mods.cl.ModuleClassLoader@18a645fd
[22Feb2026 19:50:43.108] [main/DEBUG] [net.minecraftforge.fml.javafmlmod.FMLModContainer/LOADING]: Creating FMLModContainer instance for xaero.map.WorldMapForge
[22Feb2026 19:50:43.109] [main/DEBUG] [net.minecraftforge.fml.javafmlmod.FMLJavaModLanguageProvider/LOADING]: Loading FMLModContainer from classloader cpw.mods.modlauncher.TransformingClassLoader@f0a66bd - got cpw.mods.cl.ModuleClassLoader@18a645fd
[22Feb2026 19:50:43.109] [main/DEBUG] [net.minecraftforge.fml.javafmlmod.FMLModContainer/LOADING]: Creating FMLModContainer instance for dlovin.inventoryhud.InventoryHUD
[22Feb2026 19:50:43.110] [main/DEBUG] [net.minecraftforge.fml.javafmlmod.FMLJavaModLanguageProvider/LOADING]: Loading FMLModContainer from classloader cpw.mods.modlauncher.TransformingClassLoader@f0a66bd - got cpw.mods.cl.ModuleClassLoader@18a645fd
[22Feb2026 19:50:43.110] [main/DEBUG] [net.minecraftforge.fml.javafmlmod.FMLModContainer/LOADING]: Creating FMLModContainer instance for net.p3pp3rf1y.sophisticatedbackpacks.SophisticatedBackpacks
[22Feb2026 19:50:43.111] [main/DEBUG] [net.minecraftforge.fml.javafmlmod.FMLJavaModLanguageProvider/LOADING]: Loading FMLModContainer from classloader cpw.mods.modlauncher.TransformingClassLoader@f0a66bd - got cpw.mods.cl.ModuleClassLoader@18a645fd
[22Feb2026 19:50:43.111] [main/DEBUG] [net.minecraftforge.fml.javafmlmod.FMLModContainer/LOADING]: Creating FMLModContainer instance for dev.architectury.forge.ArchitecturyForge
[22Feb2026 19:50:43.111] [main/DEBUG] [net.minecraftforge.fml.javafmlmod.FMLJavaModLanguageProvider/LOADING]: Loading FMLModContainer from classloader cpw.mods.modlauncher.TransformingClassLoader@f0a66bd - got cpw.mods.cl.ModuleClassLoader@18a645fd
[22Feb2026 19:50:43.111] [main/DEBUG] [net.minecraftforge.fml.javafmlmod.FMLModContainer/LOADING]: Creating FMLModContainer instance for forge.net.superricky.tpaplusplus.forge.TPAPlusPlusForge
[22Feb2026 19:50:43.112] [main/DEBUG] [net.minecraftforge.fml.javafmlmod.FMLJavaModLanguageProvider/LOADING]: Loading FMLModContainer from classloader cpw.mods.modlauncher.TransformingClassLoader@f0a66bd - got cpw.mods.cl.ModuleClassLoader@18a645fd
[22Feb2026 19:50:43.112] [main/DEBUG] [net.minecraftforge.fml.javafmlmod.FMLModContainer/LOADING]: Creating FMLModContainer instance for com.lowdragmc.lowdraglib.forge.LDLibForge
[22Feb2026 19:50:43.112] [main/DEBUG] [net.minecraftforge.fml.javafmlmod.FMLJavaModLanguageProvider/LOADING]: Loading FMLModContainer from classloader cpw.mods.modlauncher.TransformingClassLoader@f0a66bd - got cpw.mods.cl.ModuleClassLoader@18a645fd
[22Feb2026 19:50:43.112] [main/DEBUG] [net.minecraftforge.fml.javafmlmod.FMLModContainer/LOADING]: Creating FMLModContainer instance for bl4ckscor3.mod.globalxp.GlobalXP
[22Feb2026 19:50:43.113] [main/DEBUG] [net.minecraftforge.fml.javafmlmod.FMLJavaModLanguageProvider/LOADING]: Loading FMLModContainer from classloader cpw.mods.modlauncher.TransformingClassLoader@f0a66bd - got cpw.mods.cl.ModuleClassLoader@18a645fd
[22Feb2026 19:50:43.113] [main/DEBUG] [net.minecraftforge.fml.javafmlmod.FMLModContainer/LOADING]: Creating FMLModContainer instance for net.blay09.mods.balm.forge.ForgeBalm
[22Feb2026 19:50:43.113] [main/DEBUG] [net.minecraftforge.fml.javafmlmod.FMLJavaModLanguageProvider/LOADING]: Loading FMLModContainer from classloader cpw.mods.modlauncher.TransformingClassLoader@f0a66bd - got cpw.mods.cl.ModuleClassLoader@18a645fd
[22Feb2026 19:50:43.113] [main/DEBUG] [net.minecraftforge.fml.javafmlmod.FMLModContainer/LOADING]: Creating FMLModContainer instance for com.lowdragmc.photon.forge.PhotonImpl
[22Feb2026 19:50:43.113] [main/DEBUG] [net.minecraftforge.fml.javafmlmod.FMLJavaModLanguageProvider/LOADING]: Loading FMLModContainer from classloader cpw.mods.modlauncher.TransformingClassLoader@f0a66bd - got cpw.mods.cl.ModuleClassLoader@18a645fd
[22Feb2026 19:50:43.114] [main/DEBUG] [net.minecraftforge.fml.javafmlmod.FMLModContainer/LOADING]: Creating FMLModContainer instance for de.keksuccino.justzoom.JustZoomForge
[22Feb2026 19:50:43.114] [main/DEBUG] [net.minecraftforge.fml.javafmlmod.FMLJavaModLanguageProvider/LOADING]: Loading FMLModContainer from classloader cpw.mods.modlauncher.TransformingClassLoader@f0a66bd - got cpw.mods.cl.ModuleClassLoader@18a645fd
[22Feb2026 19:50:43.114] [main/DEBUG] [net.minecraftforge.fml.javafmlmod.FMLModContainer/LOADING]: Creating FMLModContainer instance for jeresources.JEResources
[22Feb2026 19:50:43.114] [main/DEBUG] [net.minecraftforge.fml.javafmlmod.FMLJavaModLanguageProvider/LOADING]: Loading FMLModContainer from classloader cpw.mods.modlauncher.TransformingClassLoader@f0a66bd - got cpw.mods.cl.ModuleClassLoader@18a645fd
[22Feb2026 19:50:43.114] [main/DEBUG] [net.minecraftforge.fml.javafmlmod.FMLModContainer/LOADING]: Creating FMLModContainer instance for net.minecraftforge.common.ForgeMod
[22Feb2026 19:50:43.116] [main/DEBUG] [net.minecraftforge.fml.javafmlmod.FMLJavaModLanguageProvider/LOADING]: Loading FMLModContainer from classloader cpw.mods.modlauncher.TransformingClassLoader@f0a66bd - got cpw.mods.cl.ModuleClassLoader@18a645fd
[22Feb2026 19:50:43.116] [main/DEBUG] [net.minecraftforge.fml.javafmlmod.FMLModContainer/LOADING]: Creating FMLModContainer instance for de.keksuccino.konkrete.Konkrete
[22Feb2026 19:50:43.117] [main/DEBUG] [net.minecraftforge.fml.javafmlmod.FMLJavaModLanguageProvider/LOADING]: Loading FMLModContainer from classloader cpw.mods.modlauncher.TransformingClassLoader@f0a66bd - got cpw.mods.cl.ModuleClassLoader@18a645fd
[22Feb2026 19:50:43.117] [main/DEBUG] [net.minecraftforge.fml.javafmlmod.FMLModContainer/LOADING]: Creating FMLModContainer instance for com.natamus.scaffoldingdropsnearby.ModForge
[22Feb2026 19:50:43.135] [modloading-worker-0/DEBUG] [net.minecraftforge.fml.javafmlmod.AutomaticEventSubscriber/LOADING]: Attempting to inject @EventBusSubscriber classes into the eventbus for kuma_api
[22Feb2026 19:50:43.163] [modloading-worker-0/DEBUG] [net.minecraftforge.fml.config.ConfigTracker/CONFIG]: Config file jei-server.toml for jei tracking
[22Feb2026 19:50:43.168] [modloading-worker-0/DEBUG] [net.minecraftforge.fml.javafmlmod.AutomaticEventSubscriber/LOADING]: Attempting to inject @EventBusSubscriber classes into the eventbus for jei
[22Feb2026 19:50:43.178] [modloading-worker-0/DEBUG] [net.minecraftforge.fml.javafmlmod.AutomaticEventSubscriber/LOADING]: Attempting to inject @EventBusSubscriber classes into the eventbus for jade
[22Feb2026 19:50:43.180] [modloading-worker-0/DEBUG] [net.minecraftforge.fml.javafmlmod.AutomaticEventSubscriber/LOADING]: Attempting to inject @EventBusSubscriber classes into the eventbus for cleanswing
[22Feb2026 19:50:43.208] [modloading-worker-0/DEBUG] [net.minecraftforge.fml.javafmlmod.AutomaticEventSubscriber/LOADING]: Attempting to inject @EventBusSubscriber classes into the eventbus for geckolib
[22Feb2026 19:50:43.212] [modloading-worker-0/DEBUG] [net.minecraftforge.fml.javafmlmod.AutomaticEventSubscriber/LOADING]: Auto-subscribing software.bernie.example.GeckoLibMod to FORGE
[22Feb2026 19:50:43.212] [modloading-worker-0/DEBUG] [net.minecraftforge.fml.javafmlmod.AutomaticEventSubscriber/LOADING]: Auto-subscribing software.bernie.example.CommonListener to MOD
[22Feb2026 19:50:43.211] [modloading-worker-0/DEBUG] [xaero.lib.XaeroLib/]: Loaded xaero.lib.platform.services.PlatformHelperForge@68cd14fc for service interface xaero.lib.platform.services.IPlatformHelper
[22Feb2026 19:50:43.232] [modloading-worker-0/DEBUG] [net.minecraftforge.fml.config.ConfigTracker/CONFIG]: Config file sophisticatedcore-common.toml for sophisticatedcore tracking
[22Feb2026 19:50:43.233] [modloading-worker-0/DEBUG] [net.minecraftforge.fml.config.ConfigTracker/CONFIG]: Config file sophisticatedcore-client.toml for sophisticatedcore tracking
[22Feb2026 19:50:43.267] [modloading-worker-0/DEBUG] [mixin/]: Mixing ReloadableServerResourcesMixin from balm.mixins.json into net.minecraft.server.ReloadableServerResources
[22Feb2026 19:50:43.267] [modloading-worker-0/DEBUG] [mixin/]: Renaming synthetic method lambda$loadResources$0(Lnet/minecraft/server/ReloadableServerResources;)V to md66eeff$lambda$loadResources$0$0 in balm.mixins.json:ReloadableServerResourcesMixin
[22Feb2026 19:50:43.284] [modloading-worker-0/DEBUG] [mixin/]: Mixing MixinPlayerList from xaerolib.mixins.json into net.minecraft.server.players.PlayerList
[22Feb2026 19:50:43.287] [modloading-worker-0/DEBUG] [mixin/]: Mixing MixinPlayerList from xaerohud.mixins.json into net.minecraft.server.players.PlayerList
[22Feb2026 19:50:43.288] [modloading-worker-0/DEBUG] [mixin/]: Mixing MixinPlayerList from xaeroworldmap.mixins.json into net.minecraft.server.players.PlayerList
[22Feb2026 19:50:43.290] [modloading-worker-0/DEBUG] [mixin/]: Mixing PlayerListMixin from balm.mixins.json into net.minecraft.server.players.PlayerList
[22Feb2026 19:50:43.327] [modloading-worker-0/DEBUG] [mixin/]: Mixing MixinLevelEvent from architectury.mixins.json into net.minecraftforge.event.level.LevelEvent
[22Feb2026 19:50:43.365] [modloading-worker-0/DEBUG] [net.minecraftforge.fml.javafmlmod.AutomaticEventSubscriber/LOADING]: Attempting to inject @EventBusSubscriber classes into the eventbus for sophisticatedcore
[22Feb2026 19:50:43.381] [modloading-worker-0/INFO] [xaero.lib.XaeroLib/]: Registering common data for channel xaerolib:main!
[22Feb2026 19:50:43.396] [modloading-worker-0/INFO] [xaero.lib.XaeroLib/]: Loading primary common config for channel xaerolib:main!
[22Feb2026 19:50:43.410] [modloading-worker-0/INFO] [xaero.lib.XaeroLib/]: Loading server config profiles for channel xaerolib:main!
[22Feb2026 19:50:43.432] [modloading-worker-0/DEBUG] [net.minecraftforge.fml.javafmlmod.AutomaticEventSubscriber/LOADING]: Attempting to inject @EventBusSubscriber classes into the eventbus for xaerolib
[22Feb2026 19:50:43.494] [modloading-worker-0/DEBUG] [xaero.hud.minimap.MinimapLogs/]: Loaded xaero.common.platform.services.ForgePlatformHelper@63c0ac27 for service interface xaero.common.platform.services.IPlatformHelper
[22Feb2026 19:50:43.498] [modloading-worker-0/INFO] [xaero.common.HudMod/]: Registering common data for channel xaerominimap:main!
[22Feb2026 19:50:43.543] [modloading-worker-0/INFO] [net.blay09.mods.balm.forge.config.ForgeBalmConfig/]: Registering config for kleeslabs:common (COMMON) with 3 properties.
[22Feb2026 19:50:43.543] [modloading-worker-0/DEBUG] [net.minecraftforge.fml.config.ConfigTracker/CONFIG]: Config file kleeslabs-common.toml for kleeslabs tracking
[22Feb2026 19:50:43.575] [modloading-worker-0/DEBUG] [net.minecraftforge.fml.javafmlmod.AutomaticEventSubscriber/LOADING]: Attempting to inject @EventBusSubscriber classes into the eventbus for kleeslabs
[22Feb2026 19:50:43.579] [modloading-worker-0/INFO] [xaero.common.HudMod/]: Loading primary common config for channel xaerominimap:main!
[22Feb2026 19:50:43.582] [modloading-worker-0/INFO] [xaero.common.HudMod/]: Loading server config profiles for channel xaerominimap:main!
[22Feb2026 19:50:43.601] [modloading-worker-0/DEBUG] [net.minecraftforge.fml.javafmlmod.AutomaticEventSubscriber/LOADING]: Attempting to inject @EventBusSubscriber classes into the eventbus for xaerominimap
[22Feb2026 19:50:43.613] [modloading-worker-0/INFO] [net.blay09.mods.balm.forge.config.ForgeBalmConfig/]: Registering config for waystones:common (COMMON) with 46 properties.
[22Feb2026 19:50:43.613] [modloading-worker-0/DEBUG] [net.minecraftforge.fml.config.ConfigTracker/CONFIG]: Config file waystones-common.toml for waystones tracking
[22Feb2026 19:50:43.629] [modloading-worker-0/DEBUG] [net.minecraftforge.fml.config.ConfigTracker/CONFIG]: Config file gravestone-server.toml for gravestone tracking
[22Feb2026 19:50:43.633] [modloading-worker-0/DEBUG] [net.minecraftforge.fml.config.ConfigTracker/CONFIG]: Config file gravestone-client.toml for gravestone tracking
[22Feb2026 19:50:43.634] [modloading-worker-0/DEBUG] [net.minecraftforge.fml.javafmlmod.AutomaticEventSubscriber/LOADING]: Attempting to inject @EventBusSubscriber classes into the eventbus for gravestone
[22Feb2026 19:50:43.634] [modloading-worker-0/DEBUG] [net.minecraftforge.fml.javafmlmod.AutomaticEventSubscriber/LOADING]: Auto-subscribing de.maxhenkel.gravestone.Main to FORGE
[22Feb2026 19:50:43.644] [modloading-worker-0/INFO] [Collective/]: Loading Collective version 8.13.
[22Feb2026 19:50:43.816] [modloading-worker-0/DEBUG] [net.minecraftforge.fml.javafmlmod.AutomaticEventSubscriber/LOADING]: Attempting to inject @EventBusSubscriber classes into the eventbus for collective
[22Feb2026 19:50:43.816] [modloading-worker-0/DEBUG] [net.minecraftforge.fml.javafmlmod.AutomaticEventSubscriber/LOADING]: Auto-subscribing com.natamus.collective.forge.events.RegisterCollectiveForgeEvents to FORGE
[22Feb2026 19:50:43.839] [modloading-worker-0/DEBUG] [net.minecraftforge.fml.javafmlmod.AutomaticEventSubscriber/LOADING]: Attempting to inject @EventBusSubscriber classes into the eventbus for waystones
[22Feb2026 19:50:43.840] [modloading-worker-0/DEBUG] [net.minecraftforge.fml.javafmlmod.AutomaticEventSubscriber/LOADING]: Attempting to inject @EventBusSubscriber classes into the eventbus for inventoryhud
[22Feb2026 19:50:43.855] [modloading-worker-0/DEBUG] [xaero.map.WorldMap/]: Loaded xaero.map.platform.services.ForgePlatformHelper@29dccf5c for service interface xaero.map.platform.services.IPlatformHelper
[22Feb2026 19:50:43.857] [modloading-worker-0/INFO] [xaero.map.WorldMap/]: Registering common data for channel xaeroworldmap:main!
[22Feb2026 19:50:43.874] [modloading-worker-0/INFO] [xaero.map.WorldMap/]: Loading primary common config for channel xaeroworldmap:main!
[22Feb2026 19:50:43.878] [modloading-worker-0/INFO] [xaero.map.WorldMap/]: Loading server config profiles for channel xaeroworldmap:main!
[22Feb2026 19:50:43.907] [modloading-worker-0/DEBUG] [net.minecraftforge.fml.javafmlmod.AutomaticEventSubscriber/LOADING]: Attempting to inject @EventBusSubscriber classes into the eventbus for xaeroworldmap
[22Feb2026 19:50:43.984] [modloading-worker-0/DEBUG] [net.minecraftforge.fml.config.ConfigTracker/CONFIG]: Config file sophisticatedbackpacks-server.toml for sophisticatedbackpacks tracking
[22Feb2026 19:50:43.984] [modloading-worker-0/DEBUG] [net.minecraftforge.fml.config.ConfigTracker/CONFIG]: Config file sophisticatedbackpacks-common.toml for sophisticatedbackpacks tracking
[22Feb2026 19:50:44.012] [modloading-worker-0/DEBUG] [mixin/]: Mixing LootTableMixin from balm.mixins.json into net.minecraft.world.level.storage.loot.LootTable
[22Feb2026 19:50:44.057] [modloading-worker-0/DEBUG] [net.minecraftforge.fml.javafmlmod.AutomaticEventSubscriber/LOADING]: Attempting to inject @EventBusSubscriber classes into the eventbus for architectury
[22Feb2026 19:50:44.057] [modloading-worker-0/DEBUG] [net.minecraftforge.fml.javafmlmod.AutomaticEventSubscriber/LOADING]: Auto-subscribing dev.architectury.registry.level.entity.trade.forge.TradeRegistryImpl to FORGE
[22Feb2026 19:50:44.063] [modloading-worker-0/DEBUG] [net.minecraftforge.fml.javafmlmod.AutomaticEventSubscriber/LOADING]: Auto-subscribing dev.architectury.registry.forge.ReloadListenerRegistryImpl to FORGE
[22Feb2026 19:50:44.064] [modloading-worker-0/DEBUG] [net.minecraftforge.fml.javafmlmod.AutomaticEventSubscriber/LOADING]: Auto-subscribing dev.architectury.networking.forge.NetworkManagerImpl to FORGE
[22Feb2026 19:50:44.077] [modloading-worker-0/INFO] [thedarkcolour.kotlinforforge.test.KotlinForForge/]: Kotlin For Forge Enabled!
[22Feb2026 19:50:44.080] [modloading-worker-0/DEBUG] [thedarkcolour.kotlinforforge.LoggerKt/LOADING]: Attempting to inject @EventBusSubscriber kotlin objects in to the event bus for kotlinforforge
[22Feb2026 19:50:44.078] [modloading-worker-0/INFO] [dev.architectury.networking.forge.NetworkManagerImpl/]: Registering C2S receiver with id architectury:sync_ids
[22Feb2026 19:50:44.089] [modloading-worker-0/DEBUG] [net.minecraftforge.fml.config.ConfigTracker/CONFIG]: Config file tpaplusplus-messages.toml for tpaplusplus tracking
[22Feb2026 19:50:44.097] [modloading-worker-0/DEBUG] [net.minecraftforge.fml.config.ConfigTracker/CONFIG]: Config file tpaplusplus-config.toml for tpaplusplus tracking
[22Feb2026 19:50:44.103] [modloading-worker-0/INFO] [tpaplusplus/]: INITIALIZING...
[22Feb2026 19:50:44.103] [modloading-worker-0/INFO] [tpaplusplus/]: REGISTERING BACK COMMAND...
[22Feb2026 19:50:44.104] [modloading-worker-0/INFO] [LowDragLib/]: LowDragLib is initializing on platform: Forge
[22Feb2026 19:50:44.109] [modloading-worker-0/INFO] [tpaplusplus/]: REGISTERING TPAACCEPT COMMAND...
[22Feb2026 19:50:44.109] [modloading-worker-0/INFO] [tpaplusplus/]: REGISTERING TPACANCEL COMMAND...
[22Feb2026 19:50:44.109] [modloading-worker-0/INFO] [tpaplusplus/]: REGISTERING TPA COMMAND...
[22Feb2026 19:50:44.110] [modloading-worker-0/INFO] [tpaplusplus/]: REGISTERING TPADENY COMMAND...
[22Feb2026 19:50:44.111] [modloading-worker-0/INFO] [tpaplusplus/]: REGISTERING TPAHERE COMMAND...
[22Feb2026 19:50:44.112] [modloading-worker-0/INFO] [tpaplusplus/]: REGISTERING TPAPLUSPLUS COMMAND...
[22Feb2026 19:50:44.113] [modloading-worker-0/INFO] [tpaplusplus/]: REGISTERING TPBLOCK COMMAND...
[22Feb2026 19:50:44.114] [modloading-worker-0/INFO] [tpaplusplus/]: REGISTERING TPTOGGLE COMMAND...
[22Feb2026 19:50:44.116] [modloading-worker-0/INFO] [tpaplusplus/]: REGISTERING TPUNBLOCK COMMAND...
[22Feb2026 19:50:44.117] [modloading-worker-0/INFO] [tpaplusplus/]: REGISTERING "LifecycleEvent.LIVING_DEATH"...
[22Feb2026 19:50:44.121] [modloading-worker-0/INFO] [tpaplusplus/]: REGISTERING "RequestTimeoutEvent"...
[22Feb2026 19:50:44.126] [modloading-worker-0/WARN] [tpaplusplus/]: USING EXPERIMENTAL NON BLOCKING TICK LOOP
[22Feb2026 19:50:44.130] [modloading-worker-0/INFO] [tpaplusplus/]: INITIALIZING TICK LOOP WITH RATE OF 20...
[22Feb2026 19:50:44.223] [modloading-worker-0/INFO] [tpaplusplus/]: INITIALIZING VERSION CHECKING...
[22Feb2026 19:50:44.225] [modloading-worker-0/INFO] [tpaplusplus/]: FINAL SETUP...
[22Feb2026 19:50:44.237] [modloading-worker-0/DEBUG] [net.minecraftforge.fml.javafmlmod.AutomaticEventSubscriber/LOADING]: Attempting to inject @EventBusSubscriber classes into the eventbus for sophisticatedbackpacks
[22Feb2026 19:50:44.245] [modloading-worker-0/DEBUG] [net.minecraftforge.fml.config.ConfigTracker/CONFIG]: Config file globalxp-client.toml for globalxp tracking
[22Feb2026 19:50:44.245] [modloading-worker-0/DEBUG] [net.minecraftforge.fml.config.ConfigTracker/CONFIG]: Config file globalxp-server.toml for globalxp tracking
[22Feb2026 19:50:44.245] [modloading-worker-0/DEBUG] [net.minecraftforge.fml.javafmlmod.AutomaticEventSubscriber/LOADING]: Attempting to inject @EventBusSubscriber classes into the eventbus for globalxp
[22Feb2026 19:50:44.245] [modloading-worker-0/DEBUG] [net.minecraftforge.fml.javafmlmod.AutomaticEventSubscriber/LOADING]: Auto-subscribing bl4ckscor3.mod.globalxp.GlobalXP to MOD
[22Feb2026 19:50:44.299] [modloading-worker-0/DEBUG] [net.minecraftforge.fml.javafmlmod.AutomaticEventSubscriber/LOADING]: Attempting to inject @EventBusSubscriber classes into the eventbus for balm
[22Feb2026 19:50:44.299] [modloading-worker-0/INFO] [forge.net.superricky.tpaplusplus.io.SaveDataManager/]: Successfully loaded player data!
[22Feb2026 19:50:44.301] [modloading-worker-0/INFO] [Photon/]: Photon is initializing on platform: Forge
[22Feb2026 19:50:44.303] [modloading-worker-0/INFO] [tpaplusplus/]: INITIALIZING SHUTDOWN HOOK FOR CLEANUP...
[22Feb2026 19:50:44.306] [modloading-worker-0/INFO] [tpaplusplus/]: ...INITIALIZATION COMPLETE
[22Feb2026 19:50:44.306] [modloading-worker-0/DEBUG] [net.minecraftforge.fml.javafmlmod.AutomaticEventSubscriber/LOADING]: Attempting to inject @EventBusSubscriber classes into the eventbus for tpaplusplus
[22Feb2026 19:50:44.316] [modloading-worker-0/WARN] [de.keksuccino.justzoom.JustZoom/]: [JUST ZOOM] Disabling 'Just Zoom' since it's a client-side mod and current environment is server!
[22Feb2026 19:50:44.318] [modloading-worker-0/DEBUG] [net.minecraftforge.fml.javafmlmod.AutomaticEventSubscriber/LOADING]: Attempting to inject @EventBusSubscriber classes into the eventbus for justzoom
[22Feb2026 19:50:44.321] [modloading-worker-0/DEBUG] [net.minecraftforge.fml.javafmlmod.AutomaticEventSubscriber/LOADING]: Attempting to inject @EventBusSubscriber classes into the eventbus for photon
[22Feb2026 19:50:44.325] [modloading-worker-0/DEBUG] [net.minecraftforge.fml.config.ConfigTracker/CONFIG]: Config file jeresources-common.toml for jeresources tracking
[22Feb2026 19:50:44.328] [modloading-worker-0/DEBUG] [jeresources/]: Loaded jeresources.forge.ForgePlatformHelper@555c6443 for service interface jeresources.platform.IPlatformHelper
[22Feb2026 19:50:44.333] [modloading-worker-0/DEBUG] [jeresources/]: Loading config file /workspaces/COBLEMON/servidor_minecraft/config/jeresources.toml
[22Feb2026 19:50:44.334] [modloading-worker-0/DEBUG] [jeresources/]: Built TOML config for /workspaces/COBLEMON/servidor_minecraft/config/jeresources.toml
[22Feb2026 19:50:44.340] [modloading-worker-0/DEBUG] [net.minecraftforge.versions.forge.ForgeVersion/CORE]: Forge Version package package net.minecraftforge.versions.forge, Forge, version 47.3 from cpw.mods.modlauncher.TransformingClassLoader@f0a66bd
[22Feb2026 19:50:44.340] [modloading-worker-0/DEBUG] [net.minecraftforge.versions.forge.ForgeVersion/CORE]: Found Forge version 47.3.7
[22Feb2026 19:50:44.340] [modloading-worker-0/DEBUG] [net.minecraftforge.versions.forge.ForgeVersion/CORE]: Found Forge spec 47.3
[22Feb2026 19:50:44.340] [modloading-worker-0/DEBUG] [net.minecraftforge.versions.forge.ForgeVersion/CORE]: Found Forge group net.minecraftforge
[22Feb2026 19:50:44.341] [modloading-worker-0/DEBUG] [net.minecraftforge.versions.mcp.MCPVersion/CORE]: MCP Version package package net.minecraftforge.versions.mcp, Minecraft, version 1.20.1 from cpw.mods.modlauncher.TransformingClassLoader@f0a66bd
[22Feb2026 19:50:44.341] [modloading-worker-0/DEBUG] [net.minecraftforge.versions.mcp.MCPVersion/CORE]: Found MC version information 1.20.1
[22Feb2026 19:50:44.341] [modloading-worker-0/DEBUG] [net.minecraftforge.versions.mcp.MCPVersion/CORE]: Found MCP version information 20230612.114412
[22Feb2026 19:50:44.342] [modloading-worker-0/INFO] [net.minecraftforge.common.ForgeMod/FORGEMOD]: Forge mod loading, version 47.3.7, for MC 1.20.1 with MCP 20230612.114412
[22Feb2026 19:50:44.342] [modloading-worker-0/INFO] [net.minecraftforge.common.MinecraftForge/FORGE]: MinecraftForge v47.3.7 Initialized
[22Feb2026 19:50:44.365] [modloading-worker-0/DEBUG] [jeresources/]: Loaded TOML config file /workspaces/COBLEMON/servidor_minecraft/config/jeresources.toml
[22Feb2026 19:50:44.405] [modloading-worker-0/DEBUG] [net.minecraftforge.fml.javafmlmod.AutomaticEventSubscriber/LOADING]: Attempting to inject @EventBusSubscriber classes into the eventbus for jeresources
[22Feb2026 19:50:44.405] [modloading-worker-0/INFO] [de.keksuccino.konkrete.Konkrete/]: [KONKRETE] Successfully initialized!
[22Feb2026 19:50:44.406] [modloading-worker-0/INFO] [de.keksuccino.konkrete.Konkrete/]: [KONKRETE] Server-side libs ready to use!
[22Feb2026 19:50:44.406] [modloading-worker-0/DEBUG] [net.minecraftforge.fml.javafmlmod.AutomaticEventSubscriber/LOADING]: Attempting to inject @EventBusSubscriber classes into the eventbus for konkrete
[22Feb2026 19:50:44.408] [modloading-worker-0/DEBUG] [net.minecraftforge.fml.javafmlmod.AutomaticEventSubscriber/LOADING]: Attempting to inject @EventBusSubscriber classes into the eventbus for scaffoldingdropsnearby
[22Feb2026 19:50:44.499] [modloading-worker-0/ERROR] [net.minecraftforge.fml.loading.RuntimeDistCleaner/DISTXFORM]: Attempted to load class com/lowdragmc/photon/gui/editor/FXEditor for invalid dist DEDICATED_SERVER
[22Feb2026 19:50:44.500] [modloading-worker-0/WARN] [LowDragLib/]: Failed to load class for notation: com.lowdragmc.photon.gui.editor.FXEditor
[22Feb2026 19:50:44.520] [modloading-worker-0/ERROR] [net.minecraftforge.fml.loading.RuntimeDistCleaner/DISTXFORM]: Attempted to load class com/lowdragmc/photon/gui/editor/FXEditor for invalid dist DEDICATED_SERVER
[22Feb2026 19:50:44.520] [modloading-worker-0/WARN] [LowDragLib/]: Failed to load class for notation: com.lowdragmc.photon.gui.editor.FXEditor
[22Feb2026 19:50:44.545] [modloading-worker-0/ERROR] [net.minecraftforge.fml.loading.RuntimeDistCleaner/DISTXFORM]: Attempted to load class com/lowdragmc/photon/gui/editor/FXEditor for invalid dist DEDICATED_SERVER
[22Feb2026 19:50:44.546] [modloading-worker-0/WARN] [LowDragLib/]: Failed to load class for notation: com.lowdragmc.photon.gui.editor.FXEditor
[22Feb2026 19:50:44.549] [modloading-worker-0/ERROR] [net.minecraftforge.fml.loading.RuntimeDistCleaner/DISTXFORM]: Attempted to load class com/lowdragmc/photon/gui/editor/FXEditor for invalid dist DEDICATED_SERVER
[22Feb2026 19:50:44.549] [modloading-worker-0/WARN] [LowDragLib/]: Failed to load class for notation: com.lowdragmc.photon.gui.editor.FXEditor
[22Feb2026 19:50:44.554] [modloading-worker-0/ERROR] [net.minecraftforge.fml.loading.RuntimeDistCleaner/DISTXFORM]: Attempted to load class com/lowdragmc/photon/gui/editor/FXEditor for invalid dist DEDICATED_SERVER
[22Feb2026 19:50:44.554] [modloading-worker-0/WARN] [LowDragLib/]: Failed to load class for notation: com.lowdragmc.photon.gui.editor.FXEditor
[22Feb2026 19:50:44.565] [modloading-worker-0/ERROR] [net.minecraftforge.fml.loading.RuntimeDistCleaner/DISTXFORM]: Attempted to load class com/lowdragmc/photon/gui/editor/FXEditor for invalid dist DEDICATED_SERVER
[22Feb2026 19:50:44.565] [modloading-worker-0/WARN] [LowDragLib/]: Failed to load class for notation: com.lowdragmc.photon.gui.editor.FXEditor
[22Feb2026 19:50:44.568] [modloading-worker-0/ERROR] [net.minecraftforge.fml.loading.RuntimeDistCleaner/DISTXFORM]: Attempted to load class com/lowdragmc/photon/gui/editor/FXEditor for invalid dist DEDICATED_SERVER
[22Feb2026 19:50:44.568] [modloading-worker-0/WARN] [LowDragLib/]: Failed to load class for notation: com.lowdragmc.photon.gui.editor.FXEditor
[22Feb2026 19:50:44.576] [modloading-worker-0/ERROR] [net.minecraftforge.fml.loading.RuntimeDistCleaner/DISTXFORM]: Attempted to load class com/lowdragmc/photon/gui/editor/FXEditor for invalid dist DEDICATED_SERVER
[22Feb2026 19:50:44.577] [modloading-worker-0/WARN] [LowDragLib/]: Failed to load class for notation: com.lowdragmc.photon.gui.editor.FXEditor
[22Feb2026 19:50:44.795] [modloading-worker-0/DEBUG] [io.netty.util.internal.PlatformDependent0/]: -Dio.netty.noUnsafe: false
[22Feb2026 19:50:44.795] [modloading-worker-0/DEBUG] [io.netty.util.internal.PlatformDependent0/]: Java version: 17
[22Feb2026 19:50:44.796] [modloading-worker-0/DEBUG] [io.netty.util.internal.PlatformDependent0/]: sun.misc.Unsafe.theUnsafe: available
[22Feb2026 19:50:44.796] [modloading-worker-0/DEBUG] [io.netty.util.internal.PlatformDependent0/]: sun.misc.Unsafe.copyMemory: available
[22Feb2026 19:50:44.798] [modloading-worker-0/DEBUG] [io.netty.util.internal.PlatformDependent0/]: sun.misc.Unsafe.storeFence: available
[22Feb2026 19:50:44.799] [modloading-worker-0/DEBUG] [io.netty.util.internal.PlatformDependent0/]: java.nio.Buffer.address: available
[22Feb2026 19:50:44.799] [modloading-worker-0/DEBUG] [io.netty.util.internal.PlatformDependent0/]: direct buffer constructor: unavailable
java.lang.UnsupportedOperationException: Reflective setAccessible(true) disabled
	at io.netty.util.internal.ReflectionUtil.trySetAccessible(ReflectionUtil.java:31) ~[netty-common-4.1.82.Final.jar%2382!/:4.1.82.Final]
	at io.netty.util.internal.PlatformDependent0$5.run(PlatformDependent0.java:288) ~[netty-common-4.1.82.Final.jar%2382!/:4.1.82.Final]
	at java.security.AccessController.doPrivileged(AccessController.java:318) ~[?:?]
	at io.netty.util.internal.PlatformDependent0.<clinit>(PlatformDependent0.java:282) ~[netty-common-4.1.82.Final.jar%2382!/:4.1.82.Final]
	at io.netty.util.internal.PlatformDependent.isAndroid(PlatformDependent.java:333) ~[netty-common-4.1.82.Final.jar%2382!/:4.1.82.Final]
	at io.netty.util.internal.PlatformDependent.<clinit>(PlatformDependent.java:88) ~[netty-common-4.1.82.Final.jar%2382!/:4.1.82.Final]
	at io.netty.util.ConstantPool.<init>(ConstantPool.java:34) ~[netty-common-4.1.82.Final.jar%2382!/:4.1.82.Final]
	at io.netty.util.AttributeKey$1.<init>(AttributeKey.java:27) ~[netty-common-4.1.82.Final.jar%2382!/:4.1.82.Final]
	at io.netty.util.AttributeKey.<clinit>(AttributeKey.java:27) ~[netty-common-4.1.82.Final.jar%2382!/:4.1.82.Final]
	at net.minecraftforge.network.NetworkConstants.<clinit>(NetworkConstants.java:34) ~[forge-1.20.1-47.3.7-universal.jar%23154!/:?]
	at net.minecraftforge.common.ForgeMod.<init>(ForgeMod.java:429) ~[forge-1.20.1-47.3.7-universal.jar%23154!/:?]
	at jdk.internal.reflect.NativeConstructorAccessorImpl.newInstance0(Native Method) ~[?:?]
	at jdk.internal.reflect.NativeConstructorAccessorImpl.newInstance(NativeConstructorAccessorImpl.java:77) ~[?:?]
	at jdk.internal.reflect.DelegatingConstructorAccessorImpl.newInstance(DelegatingConstructorAccessorImpl.java:45) ~[?:?]
	at java.lang.reflect.Constructor.newInstanceWithCaller(Constructor.java:500) ~[?:?]
	at java.lang.reflect.Constructor.newInstance(Constructor.java:481) ~[?:?]
	at net.minecraftforge.fml.javafmlmod.FMLModContainer.constructMod(FMLModContainer.java:70) ~[javafmllanguage-1.20.1-47.3.7.jar%23151!/:?]
	at net.minecraftforge.fml.ModContainer.lambda$buildTransitionHandler$4(ModContainer.java:124) ~[fmlcore-1.20.1-47.3.7.jar%23150!/:?]
	at java.util.concurrent.CompletableFuture$AsyncRun.run(CompletableFuture.java:1804) ~[?:?]
	at java.util.concurrent.CompletableFuture$AsyncRun.exec(CompletableFuture.java:1796) ~[?:?]
	at java.util.concurrent.ForkJoinTask.doExec(ForkJoinTask.java:373) ~[?:?]
	at java.util.concurrent.ForkJoinPool$WorkQueue.topLevelExec(ForkJoinPool.java:1182) ~[?:?]
	at java.util.concurrent.ForkJoinPool.scan(ForkJoinPool.java:1655) ~[?:?]
	at java.util.concurrent.ForkJoinPool.runWorker(ForkJoinPool.java:1622) ~[?:?]
	at java.util.concurrent.ForkJoinWorkerThread.run(ForkJoinWorkerThread.java:165) ~[?:?]
[22Feb2026 19:50:44.800] [modloading-worker-0/DEBUG] [io.netty.util.internal.PlatformDependent0/]: java.nio.Bits.unaligned: available, true
[22Feb2026 19:50:44.801] [modloading-worker-0/DEBUG] [io.netty.util.internal.PlatformDependent0/]: jdk.internal.misc.Unsafe.allocateUninitializedArray(int): unavailable
java.lang.IllegalAccessException: class io.netty.util.internal.PlatformDependent0$7 (in module io.netty.common) cannot access class jdk.internal.misc.Unsafe (in module java.base) because module java.base does not export jdk.internal.misc to module io.netty.common
	at jdk.internal.reflect.Reflection.newIllegalAccessException(Reflection.java:392) ~[?:?]
	at java.lang.reflect.AccessibleObject.checkAccess(AccessibleObject.java:674) ~[?:?]
	at java.lang.reflect.Method.invoke(Method.java:561) ~[?:?]
	at io.netty.util.internal.PlatformDependent0$7.run(PlatformDependent0.java:410) ~[netty-common-4.1.82.Final.jar%2382!/:4.1.82.Final]
	at java.security.AccessController.doPrivileged(AccessController.java:318) ~[?:?]
	at io.netty.util.internal.PlatformDependent0.<clinit>(PlatformDependent0.java:401) ~[netty-common-4.1.82.Final.jar%2382!/:4.1.82.Final]
	at io.netty.util.internal.PlatformDependent.isAndroid(PlatformDependent.java:333) ~[netty-common-4.1.82.Final.jar%2382!/:4.1.82.Final]
	at io.netty.util.internal.PlatformDependent.<clinit>(PlatformDependent.java:88) ~[netty-common-4.1.82.Final.jar%2382!/:4.1.82.Final]
	at io.netty.util.ConstantPool.<init>(ConstantPool.java:34) ~[netty-common-4.1.82.Final.jar%2382!/:4.1.82.Final]
	at io.netty.util.AttributeKey$1.<init>(AttributeKey.java:27) ~[netty-common-4.1.82.Final.jar%2382!/:4.1.82.Final]
	at io.netty.util.AttributeKey.<clinit>(AttributeKey.java:27) ~[netty-common-4.1.82.Final.jar%2382!/:4.1.82.Final]
	at net.minecraftforge.network.NetworkConstants.<clinit>(NetworkConstants.java:34) ~[forge-1.20.1-47.3.7-universal.jar%23154!/:?]
	at net.minecraftforge.common.ForgeMod.<init>(ForgeMod.java:429) ~[forge-1.20.1-47.3.7-universal.jar%23154!/:?]
	at jdk.internal.reflect.NativeConstructorAccessorImpl.newInstance0(Native Method) ~[?:?]
	at jdk.internal.reflect.NativeConstructorAccessorImpl.newInstance(NativeConstructorAccessorImpl.java:77) ~[?:?]
	at jdk.internal.reflect.DelegatingConstructorAccessorImpl.newInstance(DelegatingConstructorAccessorImpl.java:45) ~[?:?]
	at java.lang.reflect.Constructor.newInstanceWithCaller(Constructor.java:500) ~[?:?]
	at java.lang.reflect.Constructor.newInstance(Constructor.java:481) ~[?:?]
	at net.minecraftforge.fml.javafmlmod.FMLModContainer.constructMod(FMLModContainer.java:70) ~[javafmllanguage-1.20.1-47.3.7.jar%23151!/:?]
	at net.minecraftforge.fml.ModContainer.lambda$buildTransitionHandler$4(ModContainer.java:124) ~[fmlcore-1.20.1-47.3.7.jar%23150!/:?]
	at java.util.concurrent.CompletableFuture$AsyncRun.run(CompletableFuture.java:1804) ~[?:?]
	at java.util.concurrent.CompletableFuture$AsyncRun.exec(CompletableFuture.java:1796) ~[?:?]
	at java.util.concurrent.ForkJoinTask.doExec(ForkJoinTask.java:373) ~[?:?]
	at java.util.concurrent.ForkJoinPool$WorkQueue.topLevelExec(ForkJoinPool.java:1182) ~[?:?]
	at java.util.concurrent.ForkJoinPool.scan(ForkJoinPool.java:1655) ~[?:?]
	at java.util.concurrent.ForkJoinPool.runWorker(ForkJoinPool.java:1622) ~[?:?]
	at java.util.concurrent.ForkJoinWorkerThread.run(ForkJoinWorkerThread.java:165) ~[?:?]
[22Feb2026 19:50:44.805] [modloading-worker-0/DEBUG] [io.netty.util.internal.PlatformDependent0/]: java.nio.DirectByteBuffer.<init>(long, int): unavailable
[22Feb2026 19:50:44.806] [modloading-worker-0/DEBUG] [io.netty.util.internal.PlatformDependent/]: sun.misc.Unsafe: available
[22Feb2026 19:50:44.806] [modloading-worker-0/DEBUG] [io.netty.util.internal.PlatformDependent/]: maxDirectMemory: 12884901888 bytes (maybe)
[22Feb2026 19:50:44.806] [modloading-worker-0/DEBUG] [io.netty.util.internal.PlatformDependent/]: -Dio.netty.tmpdir: /tmp (java.io.tmpdir)
[22Feb2026 19:50:44.806] [modloading-worker-0/DEBUG] [io.netty.util.internal.PlatformDependent/]: -Dio.netty.bitMode: 64 (sun.arch.data.model)
[22Feb2026 19:50:44.807] [modloading-worker-0/DEBUG] [io.netty.util.internal.PlatformDependent/]: -Dio.netty.maxDirectMemory: -1 bytes
[22Feb2026 19:50:44.807] [modloading-worker-0/DEBUG] [io.netty.util.internal.PlatformDependent/]: -Dio.netty.uninitializedArrayAllocationThreshold: -1
[22Feb2026 19:50:44.810] [modloading-worker-0/DEBUG] [io.netty.util.internal.CleanerJava9/]: java.nio.ByteBuffer.cleaner(): available
[22Feb2026 19:50:44.810] [modloading-worker-0/DEBUG] [io.netty.util.internal.PlatformDependent/]: -Dio.netty.noPreferDirect: false
[22Feb2026 19:50:44.840] [modloading-worker-0/DEBUG] [net.minecraftforge.fml.javafmlmod.AutomaticEventSubscriber/LOADING]: Attempting to inject @EventBusSubscriber classes into the eventbus for slugterra
[22Feb2026 19:50:44.841] [modloading-worker-0/DEBUG] [net.minecraftforge.fml.javafmlmod.AutomaticEventSubscriber/LOADING]: Auto-subscribing falconnex.legendsofslugterra.world.features.StructureFeature to FORGE
[22Feb2026 19:50:44.841] [modloading-worker-0/DEBUG] [net.minecraftforge.fml.javafmlmod.AutomaticEventSubscriber/LOADING]: Auto-subscribing falconnex.legendsofslugterra.world.dimension.The99CavernsDimension to FORGE
[22Feb2026 19:50:44.842] [modloading-worker-0/DEBUG] [net.minecraftforge.fml.javafmlmod.AutomaticEventSubscriber/LOADING]: Auto-subscribing falconnex.legendsofslugterra.world.dimension.The99CavernsDimension$The99CavernsSpecialEffectsHandler to MOD
[22Feb2026 19:50:44.842] [modloading-worker-0/DEBUG] [net.minecraftforge.fml.javafmlmod.AutomaticEventSubscriber/LOADING]: Auto-subscribing falconnex.legendsofslugterra.procedures.XmitterProtoAbilityProcedure to FORGE
[22Feb2026 19:50:44.846] [modloading-worker-0/DEBUG] [net.minecraftforge.fml.javafmlmod.AutomaticEventSubscriber/LOADING]: Auto-subscribing falconnex.legendsofslugterra.procedures.WhiteBoonDocProtoAbilityProcedure to FORGE
[22Feb2026 19:50:44.850] [modloading-worker-0/DEBUG] [net.minecraftforge.fml.javafmlmod.AutomaticEventSubscriber/LOADING]: Auto-subscribing falconnex.legendsofslugterra.procedures.WhenTerranBerryRightClickedOnBlockProcedure to FORGE
[22Feb2026 19:50:44.853] [modloading-worker-0/DEBUG] [net.minecraftforge.common.ForgeMod/FORGEMOD]: Loading Network data for FML net version: FML3
[22Feb2026 19:50:44.854] [modloading-worker-0/DEBUG] [net.minecraftforge.fml.javafmlmod.AutomaticEventSubscriber/LOADING]: Auto-subscribing falconnex.legendsofslugterra.procedures.WhenTerranBerryBushRightClickedProcedure to FORGE
[22Feb2026 19:50:44.855] [modloading-worker-0/DEBUG] [net.minecraftforge.fml.javafmlmod.AutomaticEventSubscriber/LOADING]: Auto-subscribing falconnex.legendsofslugterra.procedures.VinedrillAbilityProcedure to FORGE
[22Feb2026 19:50:44.856] [modloading-worker-0/DEBUG] [net.minecraftforge.fml.javafmlmod.AutomaticEventSubscriber/LOADING]: Auto-subscribing falconnex.legendsofslugterra.procedures.VelocimorphSpawnsSoundEffectProcedure to FORGE
[22Feb2026 19:50:44.857] [modloading-worker-0/DEBUG] [net.minecraftforge.fml.javafmlmod.AutomaticEventSubscriber/LOADING]: Auto-subscribing falconnex.legendsofslugterra.procedures.TrashPileDropProcedure to FORGE
[22Feb2026 19:50:44.861] [modloading-worker-0/DEBUG] [net.minecraftforge.fml.javafmlmod.AutomaticEventSubscriber/LOADING]: Auto-subscribing falconnex.legendsofslugterra.procedures.TormatoProtoAbilityProcedure to FORGE
[22Feb2026 19:50:44.863] [modloading-worker-0/DEBUG] [net.minecraftforge.fml.javafmlmod.AutomaticEventSubscriber/LOADING]: Auto-subscribing falconnex.legendsofslugterra.procedures.ThuggletProtoAbilityProcedure to FORGE
[22Feb2026 19:50:44.866] [modloading-worker-0/DEBUG] [net.minecraftforge.fml.javafmlmod.AutomaticEventSubscriber/LOADING]: Auto-subscribing falconnex.legendsofslugterra.procedures.ThresherProtoAbilityProcedure to FORGE
[22Feb2026 19:50:44.867] [modloading-worker-0/DEBUG] [net.minecraftforge.fml.javafmlmod.AutomaticEventSubscriber/LOADING]: Auto-subscribing falconnex.legendsofslugterra.procedures.ThreeStateVinesPlacedProcedure to FORGE
[22Feb2026 19:50:44.871] [modloading-worker-0/DEBUG] [net.minecraftforge.fml.javafmlmod.AutomaticEventSubscriber/LOADING]: Auto-subscribing falconnex.legendsofslugterra.procedures.TheDropEntityIsHurtProcedure to FORGE
[22Feb2026 19:50:44.873] [modloading-worker-0/DEBUG] [net.minecraftforge.fml.javafmlmod.AutomaticEventSubscriber/LOADING]: Auto-subscribing falconnex.legendsofslugterra.procedures.TeleportToOverworldFromSlugterraProcedure to FORGE
[22Feb2026 19:50:44.869] [modloading-worker-0/DEBUG] [net.minecraftforge.fml.config.ConfigTracker/CONFIG]: Config file forge-client.toml for forge tracking
[22Feb2026 19:50:44.873] [modloading-worker-0/DEBUG] [net.minecraftforge.fml.config.ConfigTracker/CONFIG]: Config file forge-server.toml for forge tracking
[22Feb2026 19:50:44.873] [modloading-worker-0/DEBUG] [net.minecraftforge.fml.ModLoadingContext/]: Attempted to register an empty config for type COMMON on mod forge
[22Feb2026 19:50:44.875] [modloading-worker-0/ERROR] [net.minecraftforge.fml.loading.RuntimeDistCleaner/DISTXFORM]: Attempted to load class com/lowdragmc/photon/gui/editor/FXEditor for invalid dist DEDICATED_SERVER
[22Feb2026 19:50:44.876] [modloading-worker-0/DEBUG] [net.minecraftforge.fml.javafmlmod.AutomaticEventSubscriber/LOADING]: Auto-subscribing falconnex.legendsofslugterra.procedures.TazerlingProtoAbilityProcedure to FORGE
[22Feb2026 19:50:44.877] [modloading-worker-0/DEBUG] [net.minecraftforge.fml.javafmlmod.AutomaticEventSubscriber/LOADING]: Auto-subscribing falconnex.legendsofslugterra.procedures.TamedSlugsNoDeathProcedure to FORGE
[22Feb2026 19:50:44.878] [modloading-worker-0/DEBUG] [net.minecraftforge.fml.javafmlmod.AutomaticEventSubscriber/LOADING]: Auto-subscribing falconnex.legendsofslugterra.procedures.TameSlugProcedureProcedure to FORGE
[22Feb2026 19:50:44.881] [modloading-worker-0/WARN] [LowDragLib/]: Failed to load class for notation: com.lowdragmc.photon.gui.editor.FXEditor
[22Feb2026 19:50:44.885] [modloading-worker-0/DEBUG] [net.minecraftforge.fml.javafmlmod.AutomaticEventSubscriber/LOADING]: Auto-subscribing falconnex.legendsofslugterra.procedures.SpeedstingerProtoAbilityProcedure to FORGE
[22Feb2026 19:50:44.887] [modloading-worker-0/DEBUG] [net.minecraftforge.fml.javafmlmod.AutomaticEventSubscriber/LOADING]: Auto-subscribing falconnex.legendsofslugterra.procedures.SlugslateOreMinedProcedure to FORGE
[22Feb2026 19:50:44.890] [modloading-worker-0/DEBUG] [net.minecraftforge.fml.javafmlmod.AutomaticEventSubscriber/LOADING]: Attempting to inject @EventBusSubscriber classes into the eventbus for ldlib
[22Feb2026 19:50:44.891] [modloading-worker-0/DEBUG] [net.minecraftforge.fml.javafmlmod.AutomaticEventSubscriber/LOADING]: Auto-subscribing com.lowdragmc.lowdraglib.forge.CommonListeners to FORGE
[22Feb2026 19:50:44.891] [modloading-worker-0/DEBUG] [net.minecraftforge.fml.javafmlmod.AutomaticEventSubscriber/LOADING]: Auto-subscribing falconnex.legendsofslugterra.procedures.SlugslateAdvancementStoneProcedureProcedure to FORGE
[22Feb2026 19:50:44.892] [modloading-worker-0/DEBUG] [net.minecraftforge.fml.javafmlmod.AutomaticEventSubscriber/LOADING]: Auto-subscribing falconnex.legendsofslugterra.procedures.RockyFarmlandSpawnProcedure to FORGE
[22Feb2026 19:50:44.893] [modloading-worker-0/DEBUG] [net.minecraftforge.fml.javafmlmod.AutomaticEventSubscriber/LOADING]: Attempting to inject @EventBusSubscriber classes into the eventbus for forge
[22Feb2026 19:50:44.893] [modloading-worker-0/DEBUG] [net.minecraftforge.fml.javafmlmod.AutomaticEventSubscriber/LOADING]: Auto-subscribing net.minecraftforge.common.ForgeSpawnEggItem$CommonHandler to MOD
[22Feb2026 19:50:44.895] [modloading-worker-0/DEBUG] [net.minecraftforge.fml.javafmlmod.AutomaticEventSubscriber/LOADING]: Auto-subscribing falconnex.legendsofslugterra.procedures.RightClickProtoformPowerUpProcedure to FORGE
[22Feb2026 19:50:44.896] [modloading-worker-0/DEBUG] [net.minecraftforge.fml.javafmlmod.AutomaticEventSubscriber/LOADING]: Auto-subscribing falconnex.legendsofslugterra.procedures.RightClickGrowablePlantProcedure to FORGE
[22Feb2026 19:50:44.899] [modloading-worker-0/DEBUG] [net.minecraftforge.fml.javafmlmod.AutomaticEventSubscriber/LOADING]: Auto-subscribing falconnex.legendsofslugterra.procedures.PoleroProtoAbilityProcedure to FORGE
[22Feb2026 19:50:44.900] [modloading-worker-0/DEBUG] [net.minecraftforge.fml.javafmlmod.AutomaticEventSubscriber/LOADING]: Auto-subscribing falconnex.legendsofslugterra.procedures.PlayerMovementTickProcedure to FORGE
[22Feb2026 19:50:44.901] [modloading-worker-0/DEBUG] [net.minecraftforge.fml.javafmlmod.AutomaticEventSubscriber/LOADING]: Auto-subscribing falconnex.legendsofslugterra.procedures.PlayerJoinsPatchouliMessageProcedure to FORGE
[22Feb2026 19:50:44.902] [modloading-worker-0/DEBUG] [net.minecraftforge.fml.javafmlmod.AutomaticEventSubscriber/LOADING]: Auto-subscribing falconnex.legendsofslugterra.procedures.PlayerIsGrapplingProcedure to FORGE
[22Feb2026 19:50:44.903] [modloading-worker-0/DEBUG] [net.minecraftforge.fml.javafmlmod.AutomaticEventSubscriber/LOADING]: Auto-subscribing falconnex.legendsofslugterra.procedures.PieperProtoAbilityProcedure to FORGE
[22Feb2026 19:50:44.904] [modloading-worker-0/DEBUG] [net.minecraftforge.fml.javafmlmod.AutomaticEventSubscriber/LOADING]: Auto-subscribing falconnex.legendsofslugterra.procedures.NeotoxProtoAbilityProcedure to FORGE
[22Feb2026 19:50:44.905] [modloading-worker-0/DEBUG] [net.minecraftforge.fml.javafmlmod.AutomaticEventSubscriber/LOADING]: Auto-subscribing falconnex.legendsofslugterra.procedures.NegashadeProtoAbilityProcedure to FORGE
[22Feb2026 19:50:44.907] [modloading-worker-0/DEBUG] [net.minecraftforge.fml.javafmlmod.AutomaticEventSubscriber/LOADING]: Auto-subscribing falconnex.legendsofslugterra.procedures.MakobreakerProtoAbilityProcedure to FORGE
[22Feb2026 19:50:44.909] [modloading-worker-0/DEBUG] [net.minecraftforge.fml.javafmlmod.AutomaticEventSubscriber/LOADING]: Auto-subscribing falconnex.legendsofslugterra.procedures.LavalynxProtoAbilityProcedure to FORGE
[22Feb2026 19:50:44.910] [modloading-worker-0/DEBUG] [net.minecraftforge.fml.javafmlmod.AutomaticEventSubscriber/LOADING]: Auto-subscribing falconnex.legendsofslugterra.procedures.LariatProtoAbilityProcedure to FORGE
[22Feb2026 19:50:44.912] [modloading-worker-0/DEBUG] [net.minecraftforge.fml.javafmlmod.AutomaticEventSubscriber/LOADING]: Auto-subscribing falconnex.legendsofslugterra.procedures.JellyishProtoAbilityProcedure to FORGE
[22Feb2026 19:50:44.913] [modloading-worker-0/DEBUG] [net.minecraftforge.fml.javafmlmod.AutomaticEventSubscriber/LOADING]: Auto-subscribing falconnex.legendsofslugterra.procedures.InfurnusProtoAbilityProcedure to FORGE
[22Feb2026 19:50:44.915] [modloading-worker-0/DEBUG] [net.minecraftforge.fml.javafmlmod.AutomaticEventSubscriber/LOADING]: Auto-subscribing falconnex.legendsofslugterra.procedures.HypnogrifProtoAbilityProcedure to FORGE
[22Feb2026 19:50:44.917] [modloading-worker-0/DEBUG] [net.minecraftforge.fml.javafmlmod.AutomaticEventSubscriber/LOADING]: Auto-subscribing falconnex.legendsofslugterra.procedures.HoverbugProtoAbilityProcedure to FORGE
[22Feb2026 19:50:44.918] [modloading-worker-0/DEBUG] [net.minecraftforge.fml.javafmlmod.AutomaticEventSubscriber/LOADING]: Auto-subscribing falconnex.legendsofslugterra.procedures.HoprockProtoAbilityProcedure to FORGE
[22Feb2026 19:50:44.920] [modloading-worker-0/DEBUG] [net.minecraftforge.fml.javafmlmod.AutomaticEventSubscriber/LOADING]: Auto-subscribing falconnex.legendsofslugterra.procedures.HexletAbilityProcedure to FORGE
[22Feb2026 19:50:44.921] [modloading-worker-0/DEBUG] [net.minecraftforge.fml.javafmlmod.AutomaticEventSubscriber/LOADING]: Auto-subscribing falconnex.legendsofslugterra.procedures.GreenBoonDocProtoAbilityProcedure to FORGE
[22Feb2026 19:50:44.922] [modloading-worker-0/DEBUG] [net.minecraftforge.fml.javafmlmod.AutomaticEventSubscriber/LOADING]: Auto-subscribing falconnex.legendsofslugterra.procedures.GrantAdvancementsOnSlugSpawnProcedure to FORGE
[22Feb2026 19:50:44.924] [modloading-worker-0/DEBUG] [net.minecraftforge.fml.javafmlmod.AutomaticEventSubscriber/LOADING]: Auto-subscribing falconnex.legendsofslugterra.procedures.GrantAdvancementOnTamedSlugProcedure to FORGE
[22Feb2026 19:50:44.925] [modloading-worker-0/DEBUG] [net.minecraftforge.fml.javafmlmod.AutomaticEventSubscriber/LOADING]: Auto-subscribing falconnex.legendsofslugterra.procedures.GeoshardProtoAbilityProcedure to FORGE
[22Feb2026 19:50:44.926] [modloading-worker-0/DEBUG] [net.minecraftforge.fml.javafmlmod.AutomaticEventSubscriber/LOADING]: Auto-subscribing falconnex.legendsofslugterra.procedures.GeoshardCrystalDamagedProcedure to FORGE
[22Feb2026 19:50:44.927] [modloading-worker-0/DEBUG] [net.minecraftforge.fml.javafmlmod.AutomaticEventSubscriber/LOADING]: Auto-subscribing falconnex.legendsofslugterra.procedures.GazzerProtoAbilityProcedure to FORGE
[22Feb2026 19:50:44.928] [modloading-worker-0/DEBUG] [net.minecraftforge.fml.javafmlmod.AutomaticEventSubscriber/LOADING]: Auto-subscribing falconnex.legendsofslugterra.procedures.FrostcrawlerProtoAbilityProcedure to FORGE
[22Feb2026 19:50:44.929] [modloading-worker-0/DEBUG] [net.minecraftforge.fml.javafmlmod.AutomaticEventSubscriber/LOADING]: Auto-subscribing falconnex.legendsofslugterra.procedures.FrostcrawlerEffectNoDamageProcedure to FORGE
[22Feb2026 19:50:44.930] [modloading-worker-0/DEBUG] [net.minecraftforge.fml.javafmlmod.AutomaticEventSubscriber/LOADING]: Auto-subscribing falconnex.legendsofslugterra.procedures.FrightgeistProtoAbilityProcedure to FORGE
[22Feb2026 19:50:44.932] [modloading-worker-0/DEBUG] [net.minecraftforge.fml.javafmlmod.AutomaticEventSubscriber/LOADING]: Auto-subscribing falconnex.legendsofslugterra.procedures.FlatulorhinkusProtoAbilityProcedure to FORGE
[22Feb2026 19:50:44.934] [modloading-worker-0/DEBUG] [net.minecraftforge.fml.javafmlmod.AutomaticEventSubscriber/LOADING]: Auto-subscribing falconnex.legendsofslugterra.procedures.FlaringoProtoAbilityProcedure to FORGE
[22Feb2026 19:50:44.935] [modloading-worker-0/DEBUG] [net.minecraftforge.fml.javafmlmod.AutomaticEventSubscriber/LOADING]: Auto-subscribing falconnex.legendsofslugterra.procedures.FlagstoneDestroyedProcedure to FORGE
[22Feb2026 19:50:44.936] [modloading-worker-0/DEBUG] [net.minecraftforge.fml.javafmlmod.AutomaticEventSubscriber/LOADING]: Auto-subscribing falconnex.legendsofslugterra.procedures.ExecuteBiomeTouristProcedureProcedure to FORGE
[22Feb2026 19:50:44.937] [modloading-worker-0/DEBUG] [net.minecraftforge.fml.javafmlmod.AutomaticEventSubscriber/LOADING]: Auto-subscribing falconnex.legendsofslugterra.procedures.DropSmallShroomFromShroomCapProcedure to FORGE
[22Feb2026 19:50:44.938] [modloading-worker-0/DEBUG] [net.minecraftforge.fml.javafmlmod.AutomaticEventSubscriber/LOADING]: Auto-subscribing falconnex.legendsofslugterra.procedures.DojangLogOnBlockRightClickedProcedure to FORGE
[22Feb2026 19:50:44.939] [modloading-worker-0/DEBUG] [net.minecraftforge.fml.javafmlmod.AutomaticEventSubscriber/LOADING]: Auto-subscribing falconnex.legendsofslugterra.procedures.DirtUrchinProtoAbilityProcedure to FORGE
[22Feb2026 19:50:44.940] [modloading-worker-0/DEBUG] [net.minecraftforge.fml.javafmlmod.AutomaticEventSubscriber/LOADING]: Auto-subscribing falconnex.legendsofslugterra.procedures.DigholeSpawnProcedure to FORGE
[22Feb2026 19:50:44.943] [modloading-worker-0/DEBUG] [net.minecraftforge.fml.javafmlmod.AutomaticEventSubscriber/LOADING]: Auto-subscribing falconnex.legendsofslugterra.procedures.DeadwoodSmallBranchDecayProcedure to FORGE
[22Feb2026 19:50:44.944] [modloading-worker-0/DEBUG] [net.minecraftforge.fml.javafmlmod.AutomaticEventSubscriber/LOADING]: Auto-subscribing falconnex.legendsofslugterra.procedures.DeadwoodSmallBranch4DecayProcedure to FORGE
[22Feb2026 19:50:44.946] [modloading-worker-0/DEBUG] [net.minecraftforge.fml.javafmlmod.AutomaticEventSubscriber/LOADING]: Auto-subscribing falconnex.legendsofslugterra.procedures.DeadwoodSmallBranch3DecayProcedure to FORGE
[22Feb2026 19:50:44.947] [modloading-worker-0/DEBUG] [net.minecraftforge.fml.javafmlmod.AutomaticEventSubscriber/LOADING]: Auto-subscribing falconnex.legendsofslugterra.procedures.DeadwoodSmallBranch2DecayProcedure to FORGE
[22Feb2026 19:50:44.952] [modloading-worker-0/DEBUG] [net.minecraftforge.fml.javafmlmod.AutomaticEventSubscriber/LOADING]: Auto-subscribing falconnex.legendsofslugterra.procedures.DeadwoodBranchDecayProcedure to FORGE
[22Feb2026 19:50:44.953] [modloading-worker-0/DEBUG] [net.minecraftforge.fml.javafmlmod.AutomaticEventSubscriber/LOADING]: Auto-subscribing falconnex.legendsofslugterra.procedures.DeadwoodBranch4DecayProcedure to FORGE
[22Feb2026 19:50:44.954] [modloading-worker-0/DEBUG] [net.minecraftforge.fml.javafmlmod.AutomaticEventSubscriber/LOADING]: Auto-subscribing falconnex.legendsofslugterra.procedures.DeadwoodBranch3DecayProcedure to FORGE
[22Feb2026 19:50:44.955] [modloading-worker-0/DEBUG] [net.minecraftforge.fml.javafmlmod.AutomaticEventSubscriber/LOADING]: Auto-subscribing falconnex.legendsofslugterra.procedures.DeadwoodBranch2DecayProcedure to FORGE
[22Feb2026 19:50:44.958] [modloading-worker-0/DEBUG] [net.minecraftforge.fml.javafmlmod.AutomaticEventSubscriber/LOADING]: Auto-subscribing falconnex.legendsofslugterra.procedures.DamagedWithSluggyEffectOnProcedure to FORGE
[22Feb2026 19:50:44.959] [modloading-worker-0/DEBUG] [net.minecraftforge.fml.javafmlmod.AutomaticEventSubscriber/LOADING]: Auto-subscribing falconnex.legendsofslugterra.procedures.CrystalydSpawnProcedure to FORGE
[22Feb2026 19:50:44.960] [modloading-worker-0/DEBUG] [net.minecraftforge.fml.javafmlmod.AutomaticEventSubscriber/LOADING]: Auto-subscribing falconnex.legendsofslugterra.procedures.CompostSlugterraItemProcedure to FORGE
[22Feb2026 19:50:44.960] [modloading-worker-0/DEBUG] [net.minecraftforge.fml.javafmlmod.AutomaticEventSubscriber/LOADING]: Auto-subscribing falconnex.legendsofslugterra.procedures.CancelTargettingProcedure to FORGE
[22Feb2026 19:50:44.962] [modloading-worker-0/DEBUG] [net.minecraftforge.fml.javafmlmod.AutomaticEventSubscriber/LOADING]: Auto-subscribing falconnex.legendsofslugterra.procedures.BubbleHurtProcedure to FORGE
[22Feb2026 19:50:44.962] [modloading-worker-0/DEBUG] [net.minecraftforge.fml.javafmlmod.AutomaticEventSubscriber/LOADING]: Auto-subscribing falconnex.legendsofslugterra.procedures.BubbaleoneProtoAbilityProcedure to FORGE
[22Feb2026 19:50:44.964] [modloading-worker-0/DEBUG] [net.minecraftforge.fml.javafmlmod.AutomaticEventSubscriber/LOADING]: Auto-subscribing falconnex.legendsofslugterra.procedures.BubbaleoneBubbleOnInitialEntitySpawnProcedure to FORGE
[22Feb2026 19:50:44.965] [modloading-worker-0/DEBUG] [net.minecraftforge.fml.javafmlmod.AutomaticEventSubscriber/LOADING]: Auto-subscribing falconnex.legendsofslugterra.procedures.BonemealAnySmallShroomProcedure to FORGE
[22Feb2026 19:50:44.967] [modloading-worker-0/DEBUG] [net.minecraftforge.fml.javafmlmod.AutomaticEventSubscriber/LOADING]: Auto-subscribing falconnex.legendsofslugterra.procedures.BlastipedeProtoAbilityProcedure to FORGE
[22Feb2026 19:50:44.968] [modloading-worker-0/DEBUG] [net.minecraftforge.fml.javafmlmod.AutomaticEventSubscriber/LOADING]: Auto-subscribing falconnex.legendsofslugterra.procedures.ArachnetProtoAbilityProcedure to FORGE
[22Feb2026 19:50:44.969] [modloading-worker-0/DEBUG] [net.minecraftforge.fml.javafmlmod.AutomaticEventSubscriber/LOADING]: Auto-subscribing falconnex.legendsofslugterra.procedures.AquabeekProtoAbilityProcedure to FORGE
[22Feb2026 19:50:44.970] [modloading-worker-0/DEBUG] [net.minecraftforge.fml.javafmlmod.AutomaticEventSubscriber/LOADING]: Auto-subscribing falconnex.legendsofslugterra.network.SlugterraModVariables to MOD
[22Feb2026 19:50:44.972] [modloading-worker-0/DEBUG] [net.minecraftforge.fml.javafmlmod.AutomaticEventSubscriber/LOADING]: Auto-subscribing falconnex.legendsofslugterra.network.SlugterraModVariables$PlayerVariablesProvider to FORGE
[22Feb2026 19:50:44.973] [modloading-worker-0/DEBUG] [net.minecraftforge.fml.javafmlmod.AutomaticEventSubscriber/LOADING]: Auto-subscribing falconnex.legendsofslugterra.network.SlugterraModVariables$EventBusVariableHandlers to FORGE
[22Feb2026 19:50:44.975] [modloading-worker-0/DEBUG] [net.minecraftforge.fml.javafmlmod.AutomaticEventSubscriber/LOADING]: Auto-subscribing falconnex.legendsofslugterra.network.SlugRideShoulderKeyMessage to MOD
[22Feb2026 19:50:44.975] [modloading-worker-0/DEBUG] [net.minecraftforge.fml.javafmlmod.AutomaticEventSubscriber/LOADING]: Auto-subscribing falconnex.legendsofslugterra.network.KeyLoadSlugIntoBlasterMessage to MOD
[22Feb2026 19:50:44.976] [modloading-worker-0/DEBUG] [net.minecraftforge.fml.javafmlmod.AutomaticEventSubscriber/LOADING]: Auto-subscribing falconnex.legendsofslugterra.network.BandolierMassStoreMessage to MOD
[22Feb2026 19:50:44.977] [modloading-worker-0/DEBUG] [net.minecraftforge.fml.javafmlmod.AutomaticEventSubscriber/LOADING]: Auto-subscribing falconnex.legendsofslugterra.network.BandolierKeybindMessage to MOD
[22Feb2026 19:50:44.978] [modloading-worker-0/DEBUG] [net.minecraftforge.fml.javafmlmod.AutomaticEventSubscriber/LOADING]: Auto-subscribing falconnex.legendsofslugterra.network.BandolierCycleUpMessage to MOD
[22Feb2026 19:50:44.979] [modloading-worker-0/DEBUG] [net.minecraftforge.fml.javafmlmod.AutomaticEventSubscriber/LOADING]: Auto-subscribing falconnex.legendsofslugterra.network.BandolierCycleDownMessage to MOD
[22Feb2026 19:50:44.980] [modloading-worker-0/DEBUG] [net.minecraftforge.fml.javafmlmod.AutomaticEventSubscriber/LOADING]: Auto-subscribing falconnex.legendsofslugterra.network.ActivateInAirAbilityMessage to MOD
[22Feb2026 19:50:44.981] [modloading-worker-0/DEBUG] [net.minecraftforge.fml.javafmlmod.AutomaticEventSubscriber/LOADING]: Auto-subscribing falconnex.legendsofslugterra.network.ActivateGravityKeyMessage to MOD
[22Feb2026 19:50:44.982] [modloading-worker-0/DEBUG] [net.minecraftforge.fml.javafmlmod.AutomaticEventSubscriber/LOADING]: Auto-subscribing falconnex.legendsofslugterra.init.SlugterraModTabs to MOD
[22Feb2026 19:50:44.982] [modloading-worker-0/DEBUG] [net.minecraftforge.fml.javafmlmod.AutomaticEventSubscriber/LOADING]: Auto-subscribing falconnex.legendsofslugterra.init.SlugterraModGameRules to MOD
[22Feb2026 19:50:44.991] [modloading-worker-0/DEBUG] [net.minecraftforge.fml.javafmlmod.AutomaticEventSubscriber/LOADING]: Auto-subscribing falconnex.legendsofslugterra.init.SlugterraModEntities to MOD
[22Feb2026 19:50:44.992] [modloading-worker-0/DEBUG] [net.minecraftforge.fml.javafmlmod.AutomaticEventSubscriber/LOADING]: Auto-subscribing falconnex.legendsofslugterra.init.SlugterraConfig to FORGE
[22Feb2026 19:50:44.996] [modloading-worker-0/DEBUG] [net.minecraftforge.fml.config.ConfigTracker/CONFIG]: Config file slugterra-server.toml for slugterra tracking
[22Feb2026 19:50:44.997] [modloading-worker-0/DEBUG] [net.minecraftforge.fml.javafmlmod.AutomaticEventSubscriber/LOADING]: Auto-subscribing falconnex.legendsofslugterra.init.ItemAnimationFactory to FORGE
[22Feb2026 19:50:44.999] [modloading-worker-0/DEBUG] [net.minecraftforge.fml.javafmlmod.AutomaticEventSubscriber/LOADING]: Auto-subscribing falconnex.legendsofslugterra.init.EntityAnimationFactory to FORGE
[22Feb2026 19:50:45.000] [modloading-worker-0/DEBUG] [net.minecraftforge.fml.javafmlmod.AutomaticEventSubscriber/LOADING]: Auto-subscribing falconnex.legendsofslugterra.init.ArmorAnimationFactory to FORGE
[22Feb2026 19:50:45.001] [modloading-worker-0/DEBUG] [net.minecraftforge.fml.javafmlmod.AutomaticEventSubscriber/LOADING]: Auto-subscribing falconnex.legendsofslugterra.fuels.ModFuelHandler to FORGE
[22Feb2026 19:50:45.002] [modloading-worker-0/DEBUG] [net.minecraftforge.fml.javafmlmod.AutomaticEventSubscriber/LOADING]: Auto-subscribing falconnex.legendsofslugterra.entity.BubbaleoneVelocimorphEntity to FORGE
[22Feb2026 19:50:45.029] [modloading-worker-0/DEBUG] [net.minecraftforge.fml.javafmlmod.AutomaticEventSubscriber/LOADING]: Auto-subscribing falconnex.legendsofslugterra.command.SetVariantCommand to FORGE
[22Feb2026 19:50:45.030] [modloading-worker-0/DEBUG] [net.minecraftforge.fml.javafmlmod.AutomaticEventSubscriber/LOADING]: Auto-subscribing falconnex.legendsofslugterra.command.SetSlugTrustLevelCommand to FORGE
[22Feb2026 19:50:45.032] [modloading-worker-0/DEBUG] [net.minecraftforge.fml.javafmlmod.AutomaticEventSubscriber/LOADING]: Auto-subscribing falconnex.legendsofslugterra.command.SetSlugTitleCommand to FORGE
[22Feb2026 19:50:45.034] [modloading-worker-0/DEBUG] [net.minecraftforge.fml.javafmlmod.AutomaticEventSubscriber/LOADING]: Auto-subscribing falconnex.legendsofslugterra.command.SetSlugCombatLevelCommand to FORGE
[22Feb2026 19:50:45.036] [modloading-worker-0/DEBUG] [net.minecraftforge.fml.javafmlmod.AutomaticEventSubscriber/LOADING]: Auto-subscribing falconnex.legendsofslugterra.command.SaveVariantResourcePackCommand to FORGE
[22Feb2026 19:50:45.036] [modloading-worker-0/DEBUG] [net.minecraftforge.fml.javafmlmod.AutomaticEventSubscriber/LOADING]: Auto-subscribing falconnex.legendsofslugterra.command.KillUntamedSlugsCommandCommand to FORGE
[22Feb2026 19:50:45.037] [modloading-worker-0/DEBUG] [net.minecraftforge.fml.javafmlmod.AutomaticEventSubscriber/LOADING]: Auto-subscribing falconnex.legendsofslugterra.command.GetVariantCommand to FORGE
[22Feb2026 19:50:45.038] [modloading-worker-0/DEBUG] [net.minecraftforge.fml.javafmlmod.AutomaticEventSubscriber/LOADING]: Auto-subscribing falconnex.legendsofslugterra.command.GetSlugTitleCommand to FORGE
[22Feb2026 19:50:45.039] [modloading-worker-0/DEBUG] [net.minecraftforge.fml.javafmlmod.AutomaticEventSubscriber/LOADING]: Auto-subscribing falconnex.legendsofslugterra.block.listener.ClientListener to MOD
[22Feb2026 19:50:45.040] [modloading-worker-0/DEBUG] [net.minecraftforge.fml.javafmlmod.AutomaticEventSubscriber/LOADING]: Auto-subscribing falconnex.legendsofslugterra.VariantConfig to FORGE
[22Feb2026 19:50:45.042] [modloading-worker-0/DEBUG] [net.minecraftforge.fml.javafmlmod.AutomaticEventSubscriber/LOADING]: Auto-subscribing falconnex.legendsofslugterra.ThuggletChangeGoal to MOD
[22Feb2026 19:50:45.042] [modloading-worker-0/DEBUG] [net.minecraftforge.fml.javafmlmod.AutomaticEventSubscriber/LOADING]: Auto-subscribing falconnex.legendsofslugterra.ModFeatures to MOD
[22Feb2026 19:50:45.047] [modloading-worker-0/DEBUG] [net.minecraftforge.fml.javafmlmod.AutomaticEventSubscriber/LOADING]: Auto-subscribing falconnex.legendsofslugterra.ModCarvers to MOD
[22Feb2026 19:50:45.050] [modloading-worker-0/DEBUG] [net.minecraftforge.fml.javafmlmod.AutomaticEventSubscriber/LOADING]: Auto-subscribing falconnex.legendsofslugterra.AmbientLightManager to FORGE
[22Feb2026 19:50:45.107] [main/DEBUG] [net.minecraftforge.common.capabilities.CapabilityManager/CAPABILITIES]: Attempting to automatically register: Lnet/minecraftforge/energy/IEnergyStorage;
[22Feb2026 19:50:45.107] [main/DEBUG] [net.minecraftforge.common.capabilities.CapabilityManager/CAPABILITIES]: Attempting to automatically register: Lnet/minecraftforge/fluids/capability/IFluidHandler;
[22Feb2026 19:50:45.107] [main/DEBUG] [net.minecraftforge.common.capabilities.CapabilityManager/CAPABILITIES]: Attempting to automatically register: Lnet/minecraftforge/fluids/capability/IFluidHandlerItem;
[22Feb2026 19:50:45.107] [main/DEBUG] [net.minecraftforge.common.capabilities.CapabilityManager/CAPABILITIES]: Attempting to automatically register: Lnet/minecraftforge/items/IItemHandler;
[22Feb2026 19:50:46.399] [main/DEBUG] [net.minecraftforge.fml.config.ConfigTracker/CONFIG]: Loading configs type COMMON
[22Feb2026 19:50:46.400] [main/DEBUG] [net.minecraftforge.fml.config.ConfigFileTypeHandler/CONFIG]: Built TOML config for /workspaces/COBLEMON/servidor_minecraft/config/sophisticatedcore-common.toml
[22Feb2026 19:50:46.401] [main/DEBUG] [net.minecraftforge.fml.config.ConfigFileTypeHandler/CONFIG]: Loaded TOML config file /workspaces/COBLEMON/servidor_minecraft/config/sophisticatedcore-common.toml
[22Feb2026 19:50:46.405] [main/DEBUG] [net.minecraftforge.fml.config.ConfigFileTypeHandler/CONFIG]: Watching TOML config file /workspaces/COBLEMON/servidor_minecraft/config/sophisticatedcore-common.toml for changes
[22Feb2026 19:50:46.406] [Thread-6/DEBUG] [net.minecraftforge.fml.config.ConfigFileTypeHandler/CONFIG]: Config file sophisticatedcore-common.toml changed, sending notifies
[22Feb2026 19:50:46.407] [main/DEBUG] [net.minecraftforge.fml.config.ConfigFileTypeHandler/CONFIG]: Built TOML config for /workspaces/COBLEMON/servidor_minecraft/config/kleeslabs-common.toml
[22Feb2026 19:50:46.408] [Thread-6/DEBUG] [net.minecraftforge.fml.config.ConfigFileTypeHandler/CONFIG]: Config file sophisticatedcore-common.toml changed, sending notifies
[22Feb2026 19:50:46.408] [main/DEBUG] [net.minecraftforge.fml.config.ConfigFileTypeHandler/CONFIG]: Loaded TOML config file /workspaces/COBLEMON/servidor_minecraft/config/kleeslabs-common.toml
[22Feb2026 19:50:46.408] [main/DEBUG] [net.minecraftforge.fml.config.ConfigFileTypeHandler/CONFIG]: Watching TOML config file /workspaces/COBLEMON/servidor_minecraft/config/kleeslabs-common.toml for changes
[22Feb2026 19:50:46.410] [Thread-6/DEBUG] [net.minecraftforge.fml.config.ConfigFileTypeHandler/CONFIG]: Config file kleeslabs-common.toml changed, sending notifies
[22Feb2026 19:50:46.410] [main/DEBUG] [net.minecraftforge.fml.config.ConfigFileTypeHandler/CONFIG]: Built TOML config for /workspaces/COBLEMON/servidor_minecraft/config/waystones-common.toml
[22Feb2026 19:50:46.411] [main/DEBUG] [net.minecraftforge.fml.config.ConfigFileTypeHandler/CONFIG]: Loaded TOML config file /workspaces/COBLEMON/servidor_minecraft/config/waystones-common.toml
[22Feb2026 19:50:46.411] [main/DEBUG] [net.minecraftforge.fml.config.ConfigFileTypeHandler/CONFIG]: Watching TOML config file /workspaces/COBLEMON/servidor_minecraft/config/waystones-common.toml for changes
[22Feb2026 19:50:46.412] [Thread-6/DEBUG] [net.minecraftforge.fml.config.ConfigFileTypeHandler/CONFIG]: Config file kleeslabs-common.toml changed, sending notifies
[22Feb2026 19:50:46.414] [Thread-6/DEBUG] [net.minecraftforge.fml.config.ConfigFileTypeHandler/CONFIG]: Config file waystones-common.toml changed, sending notifies
[22Feb2026 19:50:46.415] [main/DEBUG] [net.minecraftforge.fml.config.ConfigFileTypeHandler/CONFIG]: Built TOML config for /workspaces/COBLEMON/servidor_minecraft/config/sophisticatedbackpacks-common.toml
[22Feb2026 19:50:46.415] [main/DEBUG] [net.minecraftforge.fml.config.ConfigFileTypeHandler/CONFIG]: Loaded TOML config file /workspaces/COBLEMON/servidor_minecraft/config/sophisticatedbackpacks-common.toml
[22Feb2026 19:50:46.415] [main/DEBUG] [net.minecraftforge.fml.config.ConfigFileTypeHandler/CONFIG]: Watching TOML config file /workspaces/COBLEMON/servidor_minecraft/config/sophisticatedbackpacks-common.toml for changes
[22Feb2026 19:50:46.416] [main/DEBUG] [net.minecraftforge.fml.config.ConfigFileTypeHandler/CONFIG]: Built TOML config for /workspaces/COBLEMON/servidor_minecraft/config/tpaplusplus-messages.toml
[22Feb2026 19:50:46.416] [Thread-6/DEBUG] [net.minecraftforge.fml.config.ConfigFileTypeHandler/CONFIG]: Config file waystones-common.toml changed, sending notifies
[22Feb2026 19:50:46.416] [Thread-6/DEBUG] [net.minecraftforge.fml.config.ConfigFileTypeHandler/CONFIG]: Config file sophisticatedbackpacks-common.toml changed, sending notifies
[22Feb2026 19:50:46.418] [main/DEBUG] [net.minecraftforge.fml.config.ConfigFileTypeHandler/CONFIG]: Loaded TOML config file /workspaces/COBLEMON/servidor_minecraft/config/tpaplusplus-messages.toml
[22Feb2026 19:50:46.418] [main/DEBUG] [net.minecraftforge.fml.config.ConfigFileTypeHandler/CONFIG]: Watching TOML config file /workspaces/COBLEMON/servidor_minecraft/config/tpaplusplus-messages.toml for changes
[22Feb2026 19:50:46.419] [Thread-6/DEBUG] [net.minecraftforge.fml.config.ConfigFileTypeHandler/CONFIG]: Config file tpaplusplus-messages.toml changed, sending notifies
[22Feb2026 19:50:46.421] [Thread-6/DEBUG] [net.minecraftforge.fml.config.ConfigFileTypeHandler/CONFIG]: Config file tpaplusplus-messages.toml changed, sending notifies
[22Feb2026 19:50:46.422] [main/DEBUG] [net.minecraftforge.fml.config.ConfigFileTypeHandler/CONFIG]: Built TOML config for /workspaces/COBLEMON/servidor_minecraft/config/tpaplusplus-config.toml
[22Feb2026 19:50:46.423] [main/DEBUG] [net.minecraftforge.fml.config.ConfigFileTypeHandler/CONFIG]: Loaded TOML config file /workspaces/COBLEMON/servidor_minecraft/config/tpaplusplus-config.toml
[22Feb2026 19:50:46.424] [main/DEBUG] [net.minecraftforge.fml.config.ConfigFileTypeHandler/CONFIG]: Watching TOML config file /workspaces/COBLEMON/servidor_minecraft/config/tpaplusplus-config.toml for changes
[22Feb2026 19:50:46.424] [Thread-6/DEBUG] [net.minecraftforge.fml.config.ConfigFileTypeHandler/CONFIG]: Config file tpaplusplus-messages.toml changed, sending notifies
[22Feb2026 19:50:46.425] [Thread-6/DEBUG] [net.minecraftforge.fml.config.ConfigFileTypeHandler/CONFIG]: Config file tpaplusplus-config.toml changed, sending notifies
[22Feb2026 19:50:46.425] [main/DEBUG] [net.minecraftforge.fml.config.ConfigFileTypeHandler/CONFIG]: Built TOML config for /workspaces/COBLEMON/servidor_minecraft/config/jeresources-common.toml
[22Feb2026 19:50:46.426] [main/DEBUG] [net.minecraftforge.fml.config.ConfigFileTypeHandler/CONFIG]: Loaded TOML config file /workspaces/COBLEMON/servidor_minecraft/config/jeresources-common.toml
[22Feb2026 19:50:46.426] [main/DEBUG] [net.minecraftforge.fml.config.ConfigFileTypeHandler/CONFIG]: Watching TOML config file /workspaces/COBLEMON/servidor_minecraft/config/jeresources-common.toml for changes
[22Feb2026 19:50:46.427] [Thread-6/DEBUG] [net.minecraftforge.fml.config.ConfigFileTypeHandler/CONFIG]: Config file tpaplusplus-config.toml changed, sending notifies
[22Feb2026 19:50:46.430] [modloading-worker-0/INFO] [xaero.lib.XaeroLib/]: Loading XaeroLib common 1/2!
[22Feb2026 19:50:46.496] [main/DEBUG] [net.minecraftforge.fml.DeferredWorkQueue/LOADING]: Dispatching synchronous work for work queue COMMON_SETUP: 4 jobs
[22Feb2026 19:50:46.498] [main/DEBUG] [net.minecraftforge.fml.DeferredWorkQueue/LOADING]: Synchronous work queue completed in 1.646 ms
[22Feb2026 19:50:46.499] [modloading-worker-0/INFO] [xaero.lib.XaeroLib/]: Loading XaeroLib server 1/2!
[22Feb2026 19:50:46.499] [modloading-worker-0/INFO] [xaero.minimap.XaeroMinimap/]: Loading Xaero's Minimap - Stage 1/2 (Server)
[22Feb2026 19:50:46.500] [modloading-worker-0/INFO] [xaero.map.server.WorldMapServer/]: Loading Xaero's World Map - Stage 1/2 (Server)
[22Feb2026 19:50:46.502] [main/DEBUG] [net.minecraftforge.fml.DeferredWorkQueue/LOADING]: Dispatching synchronous work for work queue SIDED_SETUP: 3 jobs
[22Feb2026 19:50:46.502] [main/INFO] [xaero.lib.XaeroLib/]: Loading XaeroLib common 2/2!
[22Feb2026 19:50:46.502] [main/INFO] [xaero.lib.XaeroLib/]: Loading XaeroLib server 2/2!
[22Feb2026 19:50:46.503] [main/INFO] [xaero.minimap.XaeroMinimap/]: Loading Xaero's Minimap - Stage 2/2 (Server)
[22Feb2026 19:50:46.503] [main/INFO] [xaero.map.server.WorldMapServer/]: Loading Xaero's World Map - Stage 2/2 (Server)
[22Feb2026 19:50:46.503] [main/DEBUG] [net.minecraftforge.fml.DeferredWorkQueue/LOADING]: Synchronous work queue completed in 1.185 ms
[22Feb2026 19:50:46.571] [modloading-worker-0/INFO] [Jade/]: Start loading plugin at snownee.jade.addon.vanilla.VanillaPlugin
[22Feb2026 19:50:46.574] [Forge Version Check/INFO] [net.minecraftforge.fml.VersionChecker/]: [gravestone] Starting version check at https://update.maxhenkel.de/forge/gravestone
[22Feb2026 19:50:46.597] [modloading-worker-0/INFO] [Jade/]: Start loading plugin at snownee.jade.addon.universal.UniversalPlugin
[22Feb2026 19:50:46.601] [modloading-worker-0/INFO] [Jade/]: Start loading plugin at snownee.jade.addon.core.CorePlugin
[22Feb2026 19:50:46.602] [modloading-worker-0/INFO] [Jade/]: Start loading plugin at net.blay09.mods.waystones.compat.JadeIntegration
[22Feb2026 19:50:46.603] [modloading-worker-0/INFO] [Jade/]: Start loading plugin at de.maxhenkel.gravestone.integration.waila.PluginGraveStone
[22Feb2026 19:50:46.604] [modloading-worker-0/INFO] [Jade/]: Start loading plugin at bl4ckscor3.mod.globalxp.compat.WailaDataProvider
[22Feb2026 19:50:46.606] [modloading-worker-0/INFO] [Jade/]: Start loading plugin at net.blay09.mods.balm.forge.compat.hudinfo.ForgeJadeModCompat
[22Feb2026 19:50:47.126] [Forge Version Check/DEBUG] [net.minecraftforge.fml.VersionChecker/]: [gravestone] Received version check data:
{"1.9.4":{"1.3.6":"Bugfixes"},"1.8.8":{"1.1.7":"Bugfixes"},"1.20":{"1.20-1.0.3":"Updated to 1.20"},"1.8.9":{"1.1.7":"Bugfixes"},"1.18":{"1.18-1.0.3":"Fixed loader version requirement"},"1.19":{"1.19-1.0.3":"Fixed crash when opening the obituary"},"promos":{"1.14.4-recommended":"1.15.3","1.14.3-recommended":"1.14.3","1.20-recommended":"1.20-1.0.3","1.19.3-recommended":"1.19.3-1.0.3","1.19.1-recommended":"1.19.1-1.0.0","1.8.8-latest":"1.1.7","1.8.9-latest":"1.1.7","1.19.4-recommended":"1.19.4-1.0.3","1.19.2-recommended":"1.19.2-1.0.10","1.10.2-latest":"1.5.13","1.14.2-recommended":"1.13.3","1.14.3-latest":"1.14.3","1.20-latest":"1.20-1.0.3","1.11-latest":"1.6.6","1.10.2-recommended":"1.5.13","1.20.1-latest":"1.20.1-1.0.35","1.16.4-latest":"1.16.4-1.0.9","1.11.2-recommended":"1.7.4.1","1.19.3-latest":"1.19.3-1.0.3","1.8-latest":"1.0.5","1.16.2-latest":"1.16.2-1.0.6","1.7.10-latest":"0.7.10.3","1.15.2-recommended":"1.17.6","1.8-recommended":"1.0.5","1.19.1-latest":"1.19.1-1.0.0","1.15.1-recommended":"1.16.2","1.9-recommended":"1.2.10","1.11.2-latest":"1.7.4.1","1.18.1-latest":"1.18.1-1.0.2","1.15.1-latest":"1.16.2","1.18.2-latest":"1.18.2-1.0.2","1.11-recommended":"1.6.6","1.10-recommended":"1.4.9","1.12.2-latest":"1.10.2","1.12.1-latest":"1.9.0","1.12.2-recommended":"1.10.2","1.7.10-recommended":"0.7.10.3","1.19-latest":"1.19-1.0.3","1.17.1-recommended":"1.17.1-1.0.4","1.16.1-recommended":"1.16.1-1.0.6","1.16.2-recommended":"1.16.2-1.0.6","1.18-latest":"1.18-1.0.3","1.16.5-recommended":"1.16.5-1.0.6","1.16.4-recommended":"1.16.4-1.0.9","1.12.1-recommended":"1.9.0","1.20.1-recommended":"1.20.1-1.0.10","1.16.3-recommended":"1.16.3-1.0.2","1.15.2-latest":"1.17.6","1.20.2-recommended":"1.20.2-1.0.10","1.12-recommended":"1.8.4","1.10-latest":"1.4.9","1.14.4-latest":"1.15.3","1.13.2-recommended":"1.12.7","1.9.4-recommended":"1.3.6","1.12-latest":"1.8.4","1.18.2-recommended":"1.18.2-1.0.2","1.17.1-latest":"1.17.1-1.0.4","1.13.2-latest":"1.12.7","1.18.1-recommended":"1.18.1-1.0.2","1.16.3-latest":"1.16.3-2.0.4","1.20.2-latest":"1.20.2-1.0.10","1.19.2-latest":"1.19.2-1.0.23","1.19.4-latest":"1.19.4-1.0.3","1.16.5-latest":"1.16.5-1.0.7","1.19-recommended":"1.19-1.0.3","1.16.1-latest":"1.16.1-1.0.6","1.9-latest":"1.2.10","1.18-recommended":"1.18-1.0.3","1.14.2-latest":"1.13.3","1.8.8-recommended":"1.1.7","1.8.9-recommended":"1.1.7","1.9.4-latest":"1.3.6"},"1.20.2":{"1.20.2-1.0.10":"Improved mod icon\nUpdated corelib"},"1.20.1":{"1.20.1-1.0.10":"Improved mod icon\nUpdated corelib","1.20.1-1.0.35":"Fixed restoreinventory command permissions"},"1.12":{"1.8.4":"Added recipe for recipe book"},"1.10":{"1.4.9":"Bugfixes"},"1.11":{"1.6.6":"Bugfixes"},"1.7.10":{"0.7.10.3":"Bugfixes"},"1.16.4":{"1.16.4-1.0.9":"Update chinese translation"},"1.18.2":{"1.18.2-1.0.2":"Fixed ukrainian locale code"},"1.19.1":{"1.19.1-1.0.0":"Updated to 1.19.1"},"1.16.5":{"1.16.5-1.0.7":"Fixed freeze with epic fight mod","1.16.5-1.0.6":"Fixed grave names"},"1.19.2":{"1.19.2-1.0.10":"Improved mod icon\nUpdated corelib","1.19.2-1.0.23":"Updated Traditional Chinese translation"},"1.19.3":{"1.19.3-1.0.3":"Fixed creative tabs because Forge broke everything again"},"1.19.4":{"1.19.4-1.0.3":"Updated to 1.19.4"},"1.14.2":{"1.13.3":"Improved en_us language and added pl_pl language"},"1.15.1":{"1.16.2":"Fixed crash with forge 30.0.17+"},"1.14.3":{"1.14.3":"Improved en_us language and added pl_pl language"},"1.16.1":{"1.16.1-1.0.6":"Fixed gravestone items can be picked up with a hopper"},"1.15.2":{"1.17.6":"Updated polish translation"},"1.14.4":{"1.15.3":"Fixed config reset issue"},"1.16.2":{"1.16.2-1.0.6":"Fixed nether dimension name\nUpdated russian translation\nFixed remove death note option"},"1.17.1":{"1.17.1-1.0.4":"Fixed crash with epic fight mod"},"1.8":{"1.0.5":"Bugfixes"},"1.16.3":{"1.16.3-1.0.2":"Updated mods.toml","1.16.3-2.0.4":"Fixed grave disappearing when having sneaking on toggle"},"1.18.1":{"1.18.1-1.0.2":"Added Brazilian Portuguese language"},"1.9":{"1.2.10":"Bugfixes"},"1.10.2":{"1.5.13":"Bugfixes"},"1.11.2":{"1.7.4.1":"Improved version checking"},"1.12.1":{"1.9.0":"Updated to 1.12.1"},"1.12.2":{"1.10.2":"Updated Forge version"},"1.13.2":{"1.12.7":"Improved en_us language and added pl_pl language"},"homepage":"https://www.curseforge.com/minecraft/mc-mods/gravestone-mod"}
[22Feb2026 19:50:47.127] [Forge Version Check/INFO] [net.minecraftforge.fml.VersionChecker/]: [gravestone] Found status: AHEAD Current: 1.20.1-1.0.35 Target: null
[22Feb2026 19:50:47.128] [Forge Version Check/INFO] [net.minecraftforge.fml.VersionChecker/]: [inventoryhud] Starting version check at https://raw.githubusercontent.com/DmitryLovin/pluginUpdate/master/invupdate.json
[22Feb2026 19:50:47.191] [Forge Version Check/DEBUG] [net.minecraftforge.fml.VersionChecker/]: [inventoryhud] Received version check data:
{
  "homepage": "https://www.curseforge.com/minecraft/mc-mods/inventory-hud-forge",
  "1.21.5": {
    "3.4.27": "1.21.5 release"
  },
  "1.21.4": {
    "3.4.27": "1.21.4 release"
  },
  "1.21.3": {
    "3.4.27": "1.21.3 release"
  },
  "1.21.1": {
    "3.4.26": "1.21.1 release"
  },
  "1.21": {
    "3.4.21": "1.21 release",
    "3.4.22": "added Turkish language\nadded Portuguese language\nsome render fixes",
    "3.4.23": "added Hungarian language\nadded Ukrainian language\nsmall config GUI fix",
    "3.4.24": "fixed button width bug\nadded Czech language\nadded Korean language",
    "3.4.26": "added Chinese Traditional (Taiwan) language"
  },
  "1.20.6": {
    "3.4.21": "1.20.6 release",
    "3.4.22": "added Turkish language\nadded Portuguese language\nsome render fixes",
    "3.4.23": "added Hungarian language\nadded Ukrainian language\nsmall config GUI fix",
    "3.4.24": "fixed button width bug\nadded Czech language\nadded Korean language",
    "3.4.26": "added Chinese Traditional (Taiwan) language"
  },
  "1.20.4": {
    "3.4.19": "1.20.3 release",
    "3.4.20": "fixed issue #130 By sporefreak when mod keybinds trigger everywhere",
    "3.4.22": "added Turkish language\nadded Portuguese language\nsome render fixes",
    "3.4.23": "added Hungarian language\nadded Ukrainian language\nsmall config GUI fix",
    "3.4.24": "fixed button width bug\nadded Czech language\nadded Korean language",
    "3.4.26": "added Chinese Traditional (Taiwan) language"
  },
  "1.20.3": {
    "3.4.19": "1.20.3 release"
  },
  "1.20.2": {
    "3.4.19": "1.20.2 release"
  },
  "1.20.1": {
    "3.4.13": "1.20 release",
    "3.4.14": "new option to hide HUDs with debug gui opened\nnew option to hide arrows count when now weapon in your hands\nnew option to show effect levels higher than 9",
    "3.4.15": "Italian translation",
    "3.4.17": "French and Japanese translations",
    "3.4.18": "German translation",
    "3.4.22": "added Turkish language\nadded Portuguese language\nsome render fixes",
    "3.4.23": "added Hungarian language\nadded Ukrainian language\nsmall config GUI fix",
    "3.4.24": "fixed button width bug\nadded Czech language\nadded Korean language",
    "3.4.26": "added Chinese Traditional (Taiwan) language"
  },
  "1.20": {
    "3.4.13": "1.20 release",
    "3.4.14": "new option to hide HUDs with debug gui opened\nnew option to hide arrows count when now weapon in your hands\nnew option to show effect levels higher than 9",
    "3.4.15": "Italian translation",
    "3.4.17": "French and Japanese translations",
    "3.4.18": "German translation",
    "3.4.22": "added Turkish language\nadded Portuguese language\nsome render fixes",
    "3.4.23": "added Hungarian language\nadded Ukrainian language\nsmall config GUI fix",
    "3.4.24": "fixed button width bug\nadded Czech language\nadded Korean language",
    "3.4.26": "added Chinese Traditional (Taiwan) language"
  },
  "1.19.4": {
    "3.4.8": "new 'keep notify' setting, you can toggle it off to be notified only once per version\nnew 'show hidden effects' setting, you can hide icons for hidden effect, like in vanilla version\nnew effects blacklist system, potion hud will ignore effects from this list",
    "3.4.9": "critical error hot fix",
    "3.4.10": "curios/trinkets fixes",
    "3.4.11": "Numeric text field fix",
    "3.4.12": "some fixes and new ammo calculation",
    "3.4.14": "new option to hide HUDs with debug gui opened\nnew option to hide arrows count when now weapon in your hands\nnew option to show effect levels higher than 9",
    "3.4.15": "Italian translation",
    "3.4.17": "French and Japanese translations",
    "3.4.18": "German translation",
    "3.4.22": "added Turkish language\nadded Portuguese language\nsome render fixes",
    "3.4.23": "added Hungarian language\nadded Ukrainian language\nsmall config GUI fix",
    "3.4.24": "fixed button width bug\nadded Czech language\nadded Korean language",
    "3.4.26": "added Chinese Traditional (Taiwan) language"
  },
  "1.19.3": {
    "3.4.6": "new forge registris",
    "3.4.7": "cross version for 1.19.2 and 1.19.3"
  },
  "1.19.2": {
    "3.4.6": "new forge registris",
    "3.4.7": "cross version for 1.19.2 and 1.19.3",
    "3.4.23": "added Hungarian language\nadded Ukrainian language\nsmall config GUI fix",
    "3.4.24": "fixed button width bug\nadded Czech language\nadded Korean language",
    "3.4.26": "added Chinese Traditional (Taiwan) language"
  },
  "1.19.1": {
    "3.4.6": "new forge registris"
  },
  "1.19": {
    "3.4.2": "fabric 1.19",
    "3.4.4": "1.19",
    "3.4.5": "curios support",
    "3.4.6": "new forge registris"
  },
  "1.18.2": {
    "3.4.2": "1.18.1",
    "3.4.3": "1.18.1",
    "3.4.4": "(forge) fixed server init",
    "3.4.8": "new 'keep notify' setting, you can toggle it off to be notified only once per version\nnew 'show hidden effects' setting, you can hide icons for hidden effect, like in vanilla version\nnew effects blacklist system, potion hud will ignore effects from this list",
    "3.4.9": "critical error hot fix",
    "3.4.10": "curios/trinkets fixes",
    "3.4.12": "some fixes and new ammo calculation",
    "3.4.14": "new option to hide HUDs with debug gui opened\nnew option to hide arrows count when now weapon in your hands\nnew option to show effect levels higher than 9",
    "3.4.15": "Italian translation",
    "3.4.16": "fixed save function for numeric text field. related to issue #118 By  guyguy18123",
    "3.4.17": "French and Japanese translations",
    "3.4.18": "German translation",
    "3.4.22": "added Turkish language\nadded Portuguese language\nsome render fixes",
    "3.4.23": "added Hungarian language\nadded Ukrainian language\nsmall config GUI fix",
    "3.4.24": "fixed button width bug\nadded Czech language\nadded Korean language",
    "3.4.26": "added Chinese Traditional (Taiwan) language"
  },
  "1.18.1": {
    "3.4.2": "1.18.1",
    "3.4.3": "1.18.1",
    "3.4.4": "(forge) fixed server init"
  },
  "1.18": {
    "3.4.1": "1.18 release",
    "3.4.2": "curios fixes (forge only)\nfixed issue #58 By Baenjamin (fabric only)",
    "3.4.3": "fixed issue (#60 By  codingandtea) with curios implementation",
    "3.4.4": "(forge) fixed server init"
  },
  "1.17.1": {
    "3.3.2": "nothing here",
    "3.3.3": "forge",
    "3.3.4": "vanilla potion icons are now disabled when potion hud is enabled",
    "3.4.0": "added trinkets support\nadded chinese language\nadded spanish language\nadded notification system for future updates",
    "3.4.1": "added bar duration setting"
  },
  "1.17": {
    "3.3.1": "released for 1.17\nadded update notification system",
    "3.3.2": "fixed issue #38 By  gamingoninsulin",
    "3.3.3": "forge release",
    "3.3.4": "vanilla potion icons are now disabled when potion hud is enabled",
    "3.4.0": "added trinkets support\nadded chinese language\nadded spanish language\nadded notification system for future updates",
    "3.4.1": "added bar duration setting"
  },
  "1.16.1": {
    "3.0": "new mini mode for Potion HUD\nArmor HUD now shows count of arrows in full plus inv mode\nnew Ingame config menu, where you can change position of the HUDs and toggle them on/off",
    "3.0.1": " small compatibility fixes.",
    "3.1.0": "new vertical mode for InventoryHUD\nnew mini mode for InventoryHUD\nPotionHUD now has gap option\nfixed bug when potions was rendering above debug screen\npotion rendering system was reworked, now all potions from any mod should render",
    "3.1.1": "now one version for 1.16.1, 1.16.2 and 1.16.3\nnew colors for armor hud\nfixed issue #8 By just_some_user\nfixed issue #7 By just_some_user\nchanged default key binding for options, now 'O'\nkey binding for options is now open full config screen instead of changing position",
    "3.1.2": "added new option in armor hud config (durability bars)",
    "3.1.3": "fixed issue with loading config\nfixed some texts issues",
    "3.1.4": "fixed issue with potion level icon",
    "3.2.1": "fixed issue #24 By  cartenavigom",
    "3.2.2": "fixed issue #27 By Gberqz"
  },
  "1.16.2": {
    "3.1.0": "new vertical mode for InventoryHUD\nnew mini mode for InventoryHUD\nPotionHUD now has gap option\nfixed bug when potions was rendering above debug screen\npotion rendering system was reworked, now all potions from any mod should render",
    "3.1.1": "now one version for 1.16.1, 1.16.2 and 1.16.3\nnew colors for armor hud\nfixed issue #8 By just_some_user\nfixed issue #7 By just_some_user\nchanged default key binding for options, now 'O'\nkey binding for options is now open full config screen instead of changing position",
    "3.1.2": "added new option in armor hud config (durability bars)",
    "3.1.3": "fixed issue with loading config\nfixed some texts issues",
    "3.1.4": "fixed issue with potion level icon",
    "3.2.0": "new Inventory HUD background (with configurable alpha)\nDisebleable ArmorHUD numbers\nevery item in ArmorHUD now moveble\nnew config screen\nfixed issue when quiver and inventory icons rendered wrong with left-handed players.\nfixed issue when lang files didn't work.",
    "3.2.1": "fixed issue #24 By  cartenavigom",
    "3.2.2": "fixed issue #27 By Gberqz",
    "3.3.0": "added animation for recently picked up items\nadded possibility to hide InventoryHUD background if inventory is empty\nchanged size of InventoryHUD background\nadded new option for ArmorHUD show overall item count for main/off hand\nArmorHUD is now scalable\nadded new horizontal mode for PotionHUD\nadded keybind for toggle on/off Potion and Armor HUDs",
    "3.4.0": "added trinkets support\nadded chinese language\nadded spanish language\nadded notification system for future updates",
    "3.4.1": "added bar duration setting"
  },
  "1.16.3": {
    "3.1.0": "new vertical mode for InventoryHUD\nnew mini mode for InventoryHUD\nPotionHUD now has gap option\nfixed bug when potions was rendering above debug screen\npotion rendering system was reworked, now all potions from any mod should render",
    "3.1.1": "now one version for 1.16.1, 1.16.2 and 1.16.3\nnew colors for armor hud\nfixed issue #8 By just_some_user\nfixed issue #7 By just_some_user\nchanged default key binding for options, now 'O'\nkey binding for options is now open full config screen instead of changing position",
    "3.1.2": "added new option in armor hud config (durability bars)",
    "3.1.3": "fixed issue with loading config\nfixed some texts issues",
    "3.1.4": "fixed issue with potion level icon",
    "3.2.0": "new Inventory HUD background (with configurable alpha)\nDisebleable ArmorHUD numbers\nevery item in ArmorHUD now moveble\nnew config screen\nfixed issue when quiver and inventory icons rendered wrong with left-handed players.\nfixed issue when lang files didn't work.",
    "3.2.1": "fixed issue #24 By  cartenavigom",
    "3.2.2": "fixed issue #27 By Gberqz",
    "3.3.0": "added animation for recently picked up items\nadded possibility to hide InventoryHUD background if inventory is empty\nchanged size of InventoryHUD background\nadded new option for ArmorHUD show overall item count for main/off hand\nArmorHUD is now scalable\nadded new horizontal mode for PotionHUD\nadded keybind for toggle on/off Potion and Armor HUDs",
    "3.4.0": "added trinkets support\nadded chinese language\nadded spanish language\nadded notification system for future updates",
    "3.4.1": "added bar duration setting"
  },
  "1.16.4": {
    "3.1.3": "fixed issue with loading config\nfixed some texts issues",
    "3.1.4": "fixed issue with potion level icon",
    "3.2.0": "new Inventory HUD background (with configurable alpha)\nDisebleable ArmorHUD numbers\nevery item in ArmorHUD now moveble\nnew config screen\nfixed issue when quiver and inventory icons rendered wrong with left-handed players.\nfixed issue when lang files didn't work.",
    "3.2.1": "fixed issue #24 By  cartenavigom",
    "3.2.2": "fixed issue #27 By Gberqz",
    "3.3.0": "added animation for recently picked up items\nadded possibility to hide InventoryHUD background if inventory is empty\nchanged size of InventoryHUD background\nadded new option for ArmorHUD show overall item count for main/off hand\nArmorHUD is now scalable\nadded new horizontal mode for PotionHUD\nadded keybind for toggle on/off Potion and Armor HUDs",
    "3.4.0": "added trinkets support\nadded chinese language\nadded spanish language\nadded notification system for future updates",
    "3.4.1": "added bar duration setting"
  },
  "1.16.5": {
    "3.1.3": "fixed issue with loading config\nfixed some texts issues",
    "3.1.4": "fixed issue with potion level icon",
    "3.2.0": "new Inventory HUD background (with configurable alpha)\nDisebleable ArmorHUD numbers\nevery item in ArmorHUD now moveble\nnew config screen\nfixed issue when quiver and inventory icons rendered wrong with left-handed players.\nfixed issue when lang files didn't work.",
    "3.2.1": "fixed issue #24 By  cartenavigom",
    "3.2.2": "fixed issue #27 By Gberqz",
    "3.3.0": "added animation for recently picked up items\nadded possibility to hide InventoryHUD background if inventory is empty\nchanged size of InventoryHUD background\nadded new option for ArmorHUD show overall item count for main/off hand\nArmorHUD is now scalable\nadded new horizontal mode for PotionHUD\nadded keybind for toggle on/off Potion and Armor HUDs",
    "3.4.0": "added trinkets support\nadded chinese language\nadded spanish language\nadded notification system for future updates",
    "3.4.1": "added bar duration setting"
  },
  "1.15.2": {
    "1.3": "Some lang fixes",
    "2.0": "New features: armor damage hud & potions hud",
    "2.1": "Custom effects from most of mods now works correctly",
    "2.2": "Now you can change PotionHUD orientation from LEFT to RIGHT\nNow you can change ArmorStatusHUD orientation from MIDDLE to LEFT or RIGHT, also you can change position\nNew ConfigGUI",
    "2.2.1": "Armor orientation fixes and Potion Y pos fixes",
    "2.3": "Now u can hide armor if durability is above what u set in config..",
    "2.4": "new types of Orientation and you can change Orientation of any HUD",
    "2.5": "Now PotionHUD shows levels of the effects\nNow you can change alpha of PotionHUD background. Suggested by pyrezombie\nFixed Issue #3 by SelfyxT",
    "2.6": "ArmorStatus HUD now contains main and off hand items, and also counter of inventory empty slots, you can switch type and durability view via config",
    "2.6.1": "Fixed Issue #4 by sandalle",
    "3.0": "new mini mode for Potion HUD\nArmor HUD now shows count of arrows in full plus inv mode\nnew Ingame config menu, where you can change position of the HUDs and toggle them on/off",
    "3.0.1": " small compatibility fixes.",
    "3.1.0": "new vertical mode for InventoryHUD\nnew mini mode for InventoryHUD\nPotionHUD now has gap option\nfixed bug when potions was rendering above debug screen\npotion rendering system was reworked, now all potions from any mod should render",
    "3.1.1": "new colors for armor hud\nfixed issue #8 By just_some_user\nfixed issue #7 By just_some_user\nchanged default key binding for options, now 'O'\nkey binding for options is now open full config screen instead of changing position",
    "3.1.2": "added new option in armor hud config (durability bars)",
    "3.1.3": "fixed issue with loading config\nfixed some texts issues",
    "3.1.4": "fixed issue with potion level icon",
    "3.2.0": "new Inventory HUD background (with configurable alpha)\nDisebleable ArmorHUD numbers\nevery item in ArmorHUD now moveble\nnew config screen\nfixed issue when quiver and inventory icons rendered wrong with left-handed players\nfixed issue when lang files didn't work",
    "3.2.1": "fixed issue #24 By  cartenavigom",
    "3.3.0": "added animation for recently picked up items\nadded possibility to hide InventoryHUD background if inventory is empty\nchanged size of InventoryHUD background\nadded new option for ArmorHUD show overall item count for main/off hand\nArmorHUD is now scalable\nadded new horizontal mode for PotionHUD\nadded keybind for toggle on/off Potion and Armor HUDs",
    "3.4.0": "added trinkets support\nadded chinese language\nadded spanish language\nadded notification system for future updates",
    "3.4.1": "added bar duration setting"
  },
  "1.15.1": {
    "1.3": "Some lang fixes",
    "2.0": "New features: armor damage hud & potions hud",
    "2.1": "Custom effects from most of mods now works correctly",
    "2.2": "Now you can change PotionHUD orientation from LEFT to RIGHT\nNow you can change ArmorStatusHUD orientation from MIDDLE to LEFT or RIGHT, also you can change position\nNew ConfigGUI",
    "2.2.1": "Armor orientation fixes and Potion Y pos fixes",
    "2.3": "Now u can hide armor if durability is above what u set in config.",
    "2.4": "new types of Orientation and you can change Orientation of any HUD",
    "2.5": "Now PotionHUD shows levels of the effects\nNow you can change alpha of PotionHUD background. Suggested by pyrezombie\nFixed Issue #3 by SelfyxT",
    "2.6": "ArmorStatus HUD now contains main and off hand items, and also counter of inventory empty slots, you can switch type and durability view via config",
    "2.6.1": "Fixed Issue #4 by sandalle",
    "3.0": "new mini mode for Potion HUD\nArmor HUD now shows count of arrows in full plus inv mode\nnew Ingame config menu, where you can change position of the HUDs and toggle them on/off",
    "3.4.0": "added trinkets support\nadded chinese language\nadded spanish language\nadded notification system for future updates",
    "3.4.1": "added bar duration setting"
  },
  "1.14.4": {
    "1.4": "Some lang fixes",
    "2.0": "New features: armor damage hud & potions hud",
    "2.1": "Now has same features as 1.15 mod",
    "2.2": "Now PotionHUD shows levels of the effects\nNow you can change alpha of PotionHUD background. Suggested by pyrezombie\nFixed Issue #3 by SelfyxT",
    "2.3": "ArmorStatus HUD now contains main and off hand items, and also counter of inventory empty slots, you can switch type and durability view via config",
    "2.3.1": "Fixed Issue #4 by sandalle",
    "3.0": "new mini mode for Potion HUD\nArmor HUD now shows count of arrows in full plus inv mode\nnew Ingame config menu, where you can change position of the HUDs and toggle them on/off",
    "3.0.1": " small compatibility fixes.",
    "3.1.0": "new vertical mode for InventoryHUD\nnew mini mode for InventoryHUD\nPotionHUD now has gap option\nfixed bug when potions was rendering above debug screen\npotion rendering system was reworked, now all potions from any mod should render",
    "3.1.1": "new colors for armor hud\nfixed issue #8 By just_some_user\nfixed issue #7 By just_some_user\nchanged default key binding for options, now 'O'\nkey binding for options is now open full config screen instead of changing position",
    "3.2.1": "fixed issue #24 By  cartenavigom",
    "3.3.0": "added animation for recently picked up items\nadded possibility to hide InventoryHUD background if inventory is empty\nchanged size of InventoryHUD background\nadded new option for ArmorHUD show overall item count for main/off hand\nArmorHUD is now scalable\nadded new horizontal mode for PotionHUD\nadded keybind for toggle on/off Potion and Armor HUDs"
  },
  "1.12.2": {
    "1.0": "First release on 1.12.2",
    "1.1": "Potion icons fixes",
    "1.2": "Now PotionHUD shows levels of the effects\nNow you can change alpha of PotionHUD background. Suggested by pyrezombie\nPotionHUD support even more mods now\nFixed Issue #3 by SelfyxT",
    "1.2.1": "added more mods for PotionHUD",
    "1.3": "ArmorStatus HUD now contains main and off hand items, and also counter of inventory empty slots, you can switch type and durability view via config",
    "1.3.1": "Fixed Issue #4 by sandalle",
    "1.3.2": "Crash fixes!!!",
    "3.0.1": "new mini mode for Potion HUD\nArmor HUD now shows count of arrows in full plus inv mode\nnew Ingame config menu, where you can change position of the HUDs and toggle them on/off\nmod config screen now the same as in 1.14.4+ versions",
    "3.1.0": "new vertical mode for InventoryHUD\nnew mini mode for InventoryHUD\nPotionHUD now has gap option",
    "3.1.1": "fixed bug when bag and quiver had wrong color, thx Ackmard for report!",
    "3.1.2": "fixed issue when mod was spamming logs",
    "3.1.3": "Reworked potion icon rendering\nfixed issue #8 By just_some_user\nfixed issue #7 By just_some_user\nchanged default key binding for options, now 'O'\nkey binding for options is now open full config screen instead of changing position",
    "3.1.4": "new colors for armorhud",
    "3.1.5": "corail tombstones potion effects now has icons\nadded new option in armor hud config (durability bars)",
    "3.1.6": "fixed issue #11 By  just_some_user\nfixed issue #12 By  NoAim_Chomsky",
    "3.1.7": "added two more mods to potionhud integration",
    "3.1.9": "fixed issue with potion level icon",
    "3.2.0": "new Inventory HUD background (with configurable alpha)\nDisebleable ArmorHUD numbers\nevery item in ArmorHUD now moveble\nnew config screen\nfixed issue when quiver and inventory icons rendered wrong with left-handed players\nfixed issue when lang files didn't work",
    "3.2.1": "fixed issue #24 By  cartenavigom",
    "3.3.0": "added animation for recently picked up items\nadded possibility to hide InventoryHUD background if inventory is empty\nchanged size of InventoryHUD background\nadded new option for ArmorHUD show overall item count for main/off hand\nArmorHUD is now scalable\nadded new horizontal mode for PotionHUD\nadded keybind for toggle on/off Potion and Armor HUDs\nadded one more mod for PotionHUD integration",
    "3.3.1": "fixed issue #33 By  TCreopargh",
    "3.4.0": "added trinkets support\nadded chinese language\nadded spanish language\nadded notification system for future updates",
    "3.4.1": "added bar duration setting\nmore mods support potion hud",
    "3.4.4": "fixed version check\nadded more mods for potion hud"
  },
  "1.8.9": {
    "3.1.0": "RELEASE!",
    "3.1.1": "fixed issue with potion level icon",
    "3.2.0": "new Inventory HUD background (with configurable alpha)\nDisebleable ArmorHUD numbers\nevery item in ArmorHUD now moveble\nnew config screen\nfixed issue when quiver and inventory icons rendered wrong with left-handed players\nfixed issue when lang files didn't work",
    "3.2.1": "fixed issue #24 By  cartenavigom"
  },
  "promos": {
    "1.21.5-latest": "3.4.27",
    "1.21.5-recommended": "3.4.27",
    "1.21.5-fabric": "3.4.27",
    "1.21.4-latest": "3.4.27",
    "1.21.4-recommended": "3.4.27",
    "1.21.4-fabric": "3.4.27",
    "1.21.3-latest": "3.4.27",
    "1.21.3-recommended": "3.4.27",
    "1.21.3-fabric": "3.4.27",
    "1.21.1-latest": "3.4.26",
    "1.21.1-recommended": "3.4.26",
    "1.21.1-fabric": "3.4.26",
    "1.21-latest": "3.4.26",
    "1.21-recommended": "3.4.26",
    "1.21-fabric": "3.4.26",
    "1.20.6-latest": "3.4.26",
    "1.20.6-recommended": "3.4.26",
    "1.20.6-fabric": "3.4.26",
    "1.20.4-latest": "3.4.26",
    "1.20.4-recommended": "3.4.26",
    "1.20.4-fabric": "3.4.26",
    "1.20.3-latest": "3.4.19",
    "1.20.3-recommended": "3.4.19",
    "1.20.3-fabric": "3.4.19",
    "1.20.2-latest": "3.4.19",
    "1.20.2-recommended": "3.4.19",
    "1.20.2-fabric": "3.4.19",
    "1.20.1-latest": "3.4.26",
    "1.20.1-recommended": "3.4.26",
    "1.20.1-fabric": "3.4.26",
    "1.20-latest": "3.4.26",
    "1.20-recommended": "3.4.26",
    "1.20-fabric": "3.4.26",
    "1.19.4-latest": "3.4.26",
    "1.19.4-recommended": "3.4.26",
    "1.19.4-fabric": "3.4.26",
    "1.19.3-latest": "3.4.7",
    "1.19.3-recommended": "3.4.7",
    "1.19.3-fabric": "3.4.7",
    "1.19.2-latest": "3.4.26",
    "1.19.2-recommended": "3.4.26",
    "1.19.2-fabric": "3.4.26",
    "1.19.1-latest": "3.4.6",
    "1.19.1-recommended": "3.4.6",
    "1.19.1-fabric": "3.4.2",
    "1.19-latest": "3.4.6",
    "1.19-recommended": "3.4.6",
    "1.19-fabric": "3.4.2",
    "1.18.2-latest": "3.4.26",
    "1.18.2-recommended": "3.4.26",
    "1.18.2-fabric": "3.4.26",
    "1.18.1-latest": "3.4.4",
    "1.18.1-recommended": "3.4.4",
    "1.18.1-fabric": "3.4.2",
    "1.18-latest": "3.4.4",
    "1.18-recommended": "3.4.4",
    "1.18-fabric": "3.4.2",
    "1.17.1-latest": "3.4.1",
    "1.17.1-recommended": "3.4.1",
    "1.17.1-fabric": "3.4.1",
    "1.17-latest": "3.4.1",
    "1.17-recommended": "3.4.1",
    "1.17-fabric": "3.4.1",
    "1.16.5-fabric": "3.4.1",
    "1.16.4-fabric": "3.4.1",
    "1.16.3-fabric": "3.4.1",
    "1.16.2-fabric": "3.4.1",
    "1.16.5-latest": "3.4.1",
    "1.16.5-recommended": "3.4.1",
    "1.16.4-latest": "3.4.1",
    "1.16.4-recommended": "3.4.1",
    "1.16.3-latest": "3.4.1",
    "1.16.3-recommended": "3.4.1",
    "1.16.2-latest": "3.4.1",
    "1.16.2-recommended": "3.4.1",
    "1.16.1-latest": "3.3.0",
    "1.16.1-recommended": "3.3.0",
    "1.15.2-fabric": "3.410",
    "1.15.1-fabric": "3.4.1",
    "1.15.2-latest": "3.4.1",
    "1.15.2-recommended": "3.4.1",
    "1.15.1-latest": "3.0",
    "1.15.1-recommended": "3.0",
    "1.14.4-latest": "3.3.0",
    "1.14.4-recommended": "3.3.0",
    "1.12.2-latest": "3.4.4",
    "1.12.2-recommended": "3.4.4",
    "1.8.9-latest": "3.2.1",
    "1.8.9-recommended": "3.2.1"
  }
}
[22Feb2026 19:50:47.192] [Forge Version Check/INFO] [net.minecraftforge.fml.VersionChecker/]: [inventoryhud] Found status: UP_TO_DATE Current: 3.4.26 Target: null
[22Feb2026 19:50:47.192] [Forge Version Check/INFO] [net.minecraftforge.fml.VersionChecker/]: [forge] Starting version check at https://files.minecraftforge.net/net/minecraftforge/forge/promotions_slim.json
[22Feb2026 19:50:47.362] [Forge Version Check/DEBUG] [net.minecraftforge.fml.VersionChecker/]: [forge] Received version check data:
{
  "homepage": "https://files.minecraftforge.net/net/minecraftforge/forge/",
  "promos": {
    "1.1-latest": "1.3.4.29",
    "1.2.3-latest": "1.4.1.64",
    "1.2.4-latest": "2.0.0.68",
    "1.2.5-latest": "3.4.9.171",
    "1.3.2-latest": "4.3.5.318",
    "1.4.0-latest": "5.0.0.326",
    "1.4.1-latest": "6.0.0.329",
    "1.4.2-latest": "6.0.1.355",
    "1.4.3-latest": "6.2.1.358",
    "1.4.4-latest": "6.3.0.378",
    "1.4.5-latest": "6.4.2.448",
    "1.4.6-latest": "6.5.0.489",
    "1.4.7-latest": "6.6.2.534",
    "1.5-latest": "7.7.0.598",
    "1.5.1-latest": "7.7.2.682",
    "1.5.2-latest": "7.8.1.738",
    "1.5.2-recommended": "7.8.1.738",
    "1.6.1-latest": "8.9.0.775",
    "1.6.2-latest": "9.10.1.871",
    "1.6.2-recommended": "9.10.1.871",
    "1.6.3-latest": "9.11.0.878",
    "1.6.4-latest": "9.11.1.1345",
    "1.6.4-recommended": "9.11.1.1345",
    "1.7.2-latest": "10.12.2.1161",
    "1.7.2-recommended": "10.12.2.1161",
    "1.7.10-latest": "10.13.4.1614",
    "1.7.10-recommended": "10.13.4.1614",
    "1.8-latest": "11.14.4.1577",
    "1.8-recommended": "11.14.4.1563",
    "1.8.8-latest": "11.15.0.1655",
    "1.8.9-latest": "11.15.1.2318",
    "1.8.9-recommended": "11.15.1.2318",
    "1.9-latest": "12.16.1.1938",
    "1.9-recommended": "12.16.1.1887",
    "1.9.4-latest": "12.17.0.2317",
    "1.9.4-recommended": "12.17.0.2317",
    "1.10-latest": "12.18.0.2000",
    "1.10.2-latest": "12.18.3.2511",
    "1.10.2-recommended": "12.18.3.2511",
    "1.11-latest": "13.19.1.2199",
    "1.11-recommended": "13.19.1.2189",
    "1.11.2-latest": "13.20.1.2588",
    "1.11.2-recommended": "13.20.1.2588",
    "1.12-latest": "14.21.1.2443",
    "1.12-recommended": "14.21.1.2387",
    "1.12.1-latest": "14.22.1.2485",
    "1.12.1-recommended": "14.22.1.2478",
    "1.12.2-latest": "14.23.5.2864",
    "1.12.2-recommended": "14.23.5.2859",
    "1.13.2-latest": "25.0.223",
    "1.14.2-latest": "26.0.63",
    "1.14.3-latest": "27.0.60",
    "1.14.4-latest": "28.2.28",
    "1.14.4-recommended": "28.2.26",
    "1.15-latest": "29.0.4",
    "1.15.1-latest": "30.0.51",
    "1.15.2-latest": "31.2.60",
    "1.15.2-recommended": "31.2.57",
    "1.16.1-latest": "32.0.108",
    "1.16.2-latest": "33.0.61",
    "1.16.3-latest": "34.1.42",
    "1.16.3-recommended": "34.1.0",
    "1.16.4-latest": "35.1.37",
    "1.16.4-recommended": "35.1.4",
    "1.16.5-latest": "36.2.42",
    "1.16.5-recommended": "36.2.34",
    "1.17.1-latest": "37.1.1",
    "1.17.1-recommended": "37.1.1",
    "1.18-latest": "38.0.17",
    "1.18.1-latest": "39.1.2",
    "1.18.1-recommended": "39.1.0",
    "1.18.2-recommended": "40.3.0",
    "1.18.2-latest": "40.3.12",
    "1.19-latest": "41.1.0",
    "1.19-recommended": "41.1.0",
    "1.19.1-latest": "42.0.9",
    "1.19.2-recommended": "43.5.0",
    "1.19.2-latest": "43.5.2",
    "1.19.3-latest": "44.1.23",
    "1.19.3-recommended": "44.1.0",
    "1.19.4-recommended": "45.4.0",
    "1.19.4-latest": "45.4.3",
    "1.20-latest": "46.0.14",
    "1.20.1-recommended": "47.4.10",
    "1.20.1-latest": "47.4.16",
    "1.20.2-latest": "48.1.0",
    "1.20.2-recommended": "48.1.0",
    "1.20.3-latest": "49.0.2",
    "1.20.4-latest": "49.2.4",
    "1.20.4-recommended": "49.2.0",
    "1.20.6-latest": "50.2.4",
    "1.20.6-recommended": "50.2.0",
    "1.21-latest": "51.0.33",
    "1.21.1-latest": "52.1.10",
    "1.21.1-recommended": "52.1.0",
    "1.21.3-latest": "53.1.7",
    "1.21.3-recommended": "53.1.0",
    "1.21.4-latest": "54.1.13",
    "1.21.4-recommended": "54.1.0",
    "1.21.5-latest": "55.1.7",
    "1.21.5-recommended": "55.1.0",
    "1.21.6-latest": "56.0.9",
    "1.21.7-latest": "57.0.3",
    "1.21.8-latest": "58.1.14",
    "1.21.8-recommended": "58.1.0",
    "1.21.9-latest": "59.0.5",
    "1.21.10-latest": "60.1.8",
    "1.21.10-recommended": "60.1.0",
    "1.21.11-latest": "61.1.1",
    "1.21.11-recommended": "61.1.0"
  }
}
[22Feb2026 19:50:47.363] [Forge Version Check/INFO] [net.minecraftforge.fml.VersionChecker/]: [forge] Found status: OUTDATED Current: 47.3.7 Target: 47.4.10
[22Feb2026 19:50:48.595] [main/INFO] [com.mojang.authlib.yggdrasil.YggdrasilAuthenticationService/]: Environment: authHost='https://authserver.mojang.com', accountsHost='https://api.mojang.com', sessionHost='https://sessionserver.mojang.com', servicesHost='https://api.minecraftservices.com', name='PROD'
[22Feb2026 19:50:49.595] [main/WARN] [net.minecraft.server.packs.VanillaPackResourcesBuilder/]: Assets URL 'union:/workspaces/COBLEMON/servidor_minecraft/libraries/net/minecraft/server/1.20.1-20230612.114412/server-1.20.1-20230612.114412-srg.jar%23149!/assets/.mcassetsroot' uses unexpected schema
[22Feb2026 19:50:49.595] [main/WARN] [net.minecraft.server.packs.VanillaPackResourcesBuilder/]: Assets URL 'union:/workspaces/COBLEMON/servidor_minecraft/libraries/net/minecraft/server/1.20.1-20230612.114412/server-1.20.1-20230612.114412-srg.jar%23149!/data/.mcassetsroot' uses unexpected schema
[22Feb2026 19:50:49.612] [main/DEBUG] [mixin/]: Mixing PackConfigMixin from ldlib-common.mixins.json into net.minecraft.server.WorldLoader$PackConfig
[22Feb2026 19:50:49.627] [main/DEBUG] [mixin/]: Mixing WorldLoaderMixin from ldlib-common.mixins.json into net.minecraft.server.WorldLoader
[22Feb2026 19:50:49.741] [main/DEBUG] [net.minecraftforge.server.ServerLifecycleHooks/CORE]: Generating PackInfo named mod:kuma_api for mod file 
[22Feb2026 19:50:49.742] [main/DEBUG] [net.minecraftforge.server.ServerLifecycleHooks/CORE]: Generating PackInfo named mod:jade for mod file /workspaces/COBLEMON/servidor_minecraft/mods/Jade-1.20.1-Forge-11.13.2.jar
[22Feb2026 19:50:49.742] [main/DEBUG] [net.minecraftforge.server.ServerLifecycleHooks/CORE]: Generating PackInfo named mod:geckolib for mod file /workspaces/COBLEMON/servidor_minecraft/mods/geckolib-forge-1.20.1-4.8.2 (1).jar
[22Feb2026 19:50:49.742] [main/DEBUG] [net.minecraftforge.server.ServerLifecycleHooks/CORE]: Generating PackInfo named mod:slugterra for mod file /workspaces/COBLEMON/servidor_minecraft/mods/slugterra-1.3.1-forge-1.20.1.jar
[22Feb2026 19:50:49.742] [main/DEBUG] [net.minecraftforge.server.ServerLifecycleHooks/CORE]: Generating PackInfo named mod:jei for mod file /workspaces/COBLEMON/servidor_minecraft/mods/jei-1.20.1-forge-15.20.0.129.jar
[22Feb2026 19:50:49.743] [main/DEBUG] [net.minecraftforge.server.ServerLifecycleHooks/CORE]: Generating PackInfo named mod:cleanswing for mod file /workspaces/COBLEMON/servidor_minecraft/mods/cleanswing-1.20-1.8.jar
[22Feb2026 19:50:49.743] [main/DEBUG] [net.minecraftforge.server.ServerLifecycleHooks/CORE]: Generating PackInfo named mod:xaerolib for mod file 
[22Feb2026 19:50:49.743] [main/DEBUG] [net.minecraftforge.server.ServerLifecycleHooks/CORE]: Generating PackInfo named mod:kotlinforforge for mod file 
[22Feb2026 19:50:49.743] [main/DEBUG] [net.minecraftforge.server.ServerLifecycleHooks/CORE]: Generating PackInfo named mod:sophisticatedcore for mod file /workspaces/COBLEMON/servidor_minecraft/mods/sophisticatedcore-1.20.1-1.2.122.1415 (2).jar
[22Feb2026 19:50:49.743] [main/DEBUG] [net.minecraftforge.server.ServerLifecycleHooks/CORE]: Generating PackInfo named mod:kleeslabs for mod file /workspaces/COBLEMON/servidor_minecraft/mods/kleeslabs-forge-1.20.1-15.0.11.jar
[22Feb2026 19:50:49.744] [main/DEBUG] [net.minecraftforge.server.ServerLifecycleHooks/CORE]: Generating PackInfo named mod:xaerominimap for mod file /workspaces/COBLEMON/servidor_minecraft/mods/xaerominimap-forge-1.20.1-25.3.5.jar
[22Feb2026 19:50:49.744] [main/DEBUG] [net.minecraftforge.server.ServerLifecycleHooks/CORE]: Generating PackInfo named mod:waystones for mod file /workspaces/COBLEMON/servidor_minecraft/mods/waystones-forge-1.20.1-14.1.18.jar
[22Feb2026 19:50:49.744] [main/DEBUG] [net.minecraftforge.server.ServerLifecycleHooks/CORE]: Generating PackInfo named mod:gravestone for mod file /workspaces/COBLEMON/servidor_minecraft/mods/gravestone-forge-1.20.1-1.0.35.jar
[22Feb2026 19:50:49.744] [main/DEBUG] [net.minecraftforge.server.ServerLifecycleHooks/CORE]: Generating PackInfo named mod:collective for mod file /workspaces/COBLEMON/servidor_minecraft/mods/collective-1.20.1-8.13.jar
[22Feb2026 19:50:49.745] [main/DEBUG] [net.minecraftforge.server.ServerLifecycleHooks/CORE]: Generating PackInfo named mod:xaeroworldmap for mod file /workspaces/COBLEMON/servidor_minecraft/mods/xaeroworldmap-forge-1.20.1-1.40.6.jar
[22Feb2026 19:50:49.745] [main/DEBUG] [net.minecraftforge.server.ServerLifecycleHooks/CORE]: Generating PackInfo named mod:inventoryhud for mod file /workspaces/COBLEMON/servidor_minecraft/mods/inventoryhud.forge.1.20.1-3.4.26.jar
[22Feb2026 19:50:49.745] [main/DEBUG] [net.minecraftforge.server.ServerLifecycleHooks/CORE]: Generating PackInfo named mod:sophisticatedbackpacks for mod file /workspaces/COBLEMON/servidor_minecraft/mods/sophisticatedbackpacks-1.20.1-3.24.20.1500 (2).jar
[22Feb2026 19:50:49.745] [main/DEBUG] [net.minecraftforge.server.ServerLifecycleHooks/CORE]: Generating PackInfo named mod:architectury for mod file /workspaces/COBLEMON/servidor_minecraft/mods/architectury-9.2.14-forge.jar
[22Feb2026 19:50:49.745] [main/DEBUG] [net.minecraftforge.server.ServerLifecycleHooks/CORE]: Generating PackInfo named mod:tpaplusplus for mod file /workspaces/COBLEMON/servidor_minecraft/mods/TPA++ - 1.6.0-1.20.x-UNTESTED-BETA-3.jar
[22Feb2026 19:50:49.746] [main/DEBUG] [net.minecraftforge.server.ServerLifecycleHooks/CORE]: Generating PackInfo named mod:ldlib for mod file 
[22Feb2026 19:50:49.746] [main/DEBUG] [net.minecraftforge.server.ServerLifecycleHooks/CORE]: Generating PackInfo named mod:globalxp for mod file /workspaces/COBLEMON/servidor_minecraft/mods/globalxp-forge-1.20.1-1.12.jar
[22Feb2026 19:50:49.746] [main/DEBUG] [net.minecraftforge.server.ServerLifecycleHooks/CORE]: Generating PackInfo named mod:balm for mod file /workspaces/COBLEMON/servidor_minecraft/mods/balm-forge-1.20.1-7.3.38-all.jar
[22Feb2026 19:50:49.746] [main/DEBUG] [net.minecraftforge.server.ServerLifecycleHooks/CORE]: Generating PackInfo named mod:photon for mod file /workspaces/COBLEMON/servidor_minecraft/mods/photon-forge-1.20.1-1.1.17.jar
[22Feb2026 19:50:49.746] [main/DEBUG] [net.minecraftforge.server.ServerLifecycleHooks/CORE]: Generating PackInfo named mod:justzoom for mod file /workspaces/COBLEMON/servidor_minecraft/mods/justzoom_forge_2.1.1_MC_1.20.1.jar
[22Feb2026 19:50:49.747] [main/DEBUG] [net.minecraftforge.server.ServerLifecycleHooks/CORE]: Generating PackInfo named mod:jeresources for mod file /workspaces/COBLEMON/servidor_minecraft/mods/JustEnoughResources-1.20.1-1.4.0.247.jar
[22Feb2026 19:50:49.747] [main/DEBUG] [net.minecraftforge.server.ServerLifecycleHooks/CORE]: Generating PackInfo named mod:forge for mod file /workspaces/COBLEMON/servidor_minecraft/libraries/net/minecraftforge/forge/1.20.1-47.3.7/forge-1.20.1-47.3.7-universal.jar
[22Feb2026 19:50:49.747] [main/DEBUG] [net.minecraftforge.server.ServerLifecycleHooks/CORE]: Generating PackInfo named mod:konkrete for mod file /workspaces/COBLEMON/servidor_minecraft/mods/konkrete_forge_1.8.0_MC_1.20-1.20.1.jar
[22Feb2026 19:50:49.747] [main/DEBUG] [net.minecraftforge.server.ServerLifecycleHooks/CORE]: Generating PackInfo named mod:scaffoldingdropsnearby for mod file /workspaces/COBLEMON/servidor_minecraft/mods/scaffoldingdropsnearby-1.20.1-3.4.jar
[22Feb2026 19:50:50.696] [main/DEBUG] [mixin/]: Mixing PrimaryLevelDataMixin from collective_forge.mixins.json into net.minecraft.world.level.storage.PrimaryLevelData
[22Feb2026 19:50:50.718] [main/DEBUG] [mixin/]: Mixing MixinLootDataManager from architectury.mixins.json into net.minecraft.world.level.storage.loot.LootDataManager
[22Feb2026 19:50:50.863] [main/DEBUG] [net.minecraftforge.coremod.transformer.CoreModBaseTransformer/COREMOD]: Transforming net/minecraft/server/commands/SummonCommand
[22Feb2026 19:50:51.365] [Worker-Main-1/DEBUG] [net.minecraftforge.coremod.transformer.CoreModBaseTransformer/COREMOD]: Transforming net/minecraft/world/entity/raid/Raid
[22Feb2026 19:50:51.516] [Worker-Main-1/ERROR] [net.minecraftforge.common.ForgeHooks/]: Couldn't parse element loot_tables:slugterra:entities/shanejournalloottable
com.google.gson.JsonSyntaxException: Expected name to be an item, was unknown string 'patchouli:guide_book'
	at net.minecraft.util.GsonHelper.m_13866_(GsonHelper.java:145) ~[server-1.20.1-20230612.114412-srg.jar%23149!/:?]
	at java.util.Optional.orElseThrow(Optional.java:403) ~[?:?]
	at net.minecraft.util.GsonHelper.m_13874_(GsonHelper.java:145) ~[server-1.20.1-20230612.114412-srg.jar%23149!/:?]
	at net.minecraft.util.GsonHelper.m_13909_(GsonHelper.java:153) ~[server-1.20.1-20230612.114412-srg.jar%23149!/:?]
	at net.minecraft.world.level.storage.loot.entries.LootItem$Serializer.m_7267_(LootItem.java:55) ~[server-1.20.1-20230612.114412-srg.jar%23149!/:?]
	at net.minecraft.world.level.storage.loot.entries.LootItem$Serializer.m_7267_(LootItem.java:40) ~[server-1.20.1-20230612.114412-srg.jar%23149!/:?]
	at net.minecraft.world.level.storage.loot.entries.LootPoolSingletonContainer$Serializer.m_5921_(LootPoolSingletonContainer.java:151) ~[server-1.20.1-20230612.114412-srg.jar%23149!/:?]
	at net.minecraft.world.level.storage.loot.entries.LootPoolSingletonContainer$Serializer.m_5921_(LootPoolSingletonContainer.java:129) ~[server-1.20.1-20230612.114412-srg.jar%23149!/:?]
	at net.minecraft.world.level.storage.loot.entries.LootPoolEntryContainer$Serializer.m_7561_(LootPoolEntryContainer.java:86) ~[server-1.20.1-20230612.114412-srg.jar%23149!/:?]
	at net.minecraft.world.level.storage.loot.entries.LootPoolEntryContainer$Serializer.m_7561_(LootPoolEntryContainer.java:74) ~[server-1.20.1-20230612.114412-srg.jar%23149!/:?]
	at net.minecraft.world.level.storage.loot.GsonAdapterFactory$JsonAdapter.deserialize(GsonAdapterFactory.java:102) ~[server-1.20.1-20230612.114412-srg.jar%23149!/:?]
	at com.google.gson.internal.bind.TreeTypeAdapter.read(TreeTypeAdapter.java:76) ~[gson-2.10.jar%2372!/:?]
	at com.google.gson.internal.bind.TypeAdapterRuntimeTypeWrapper.read(TypeAdapterRuntimeTypeWrapper.java:40) ~[gson-2.10.jar%2372!/:?]
	at com.google.gson.internal.bind.ArrayTypeAdapter.read(ArrayTypeAdapter.java:72) ~[gson-2.10.jar%2372!/:?]
	at com.google.gson.Gson.fromJson(Gson.java:1214) ~[gson-2.10.jar%2372!/:?]
	at com.google.gson.Gson.fromJson(Gson.java:1319) ~[gson-2.10.jar%2372!/:?]
	at com.google.gson.Gson.fromJson(Gson.java:1290) ~[gson-2.10.jar%2372!/:?]
	at com.google.gson.internal.bind.TreeTypeAdapter$GsonContextImpl.deserialize(TreeTypeAdapter.java:179) ~[gson-2.10.jar%2372!/:?]
	at net.minecraft.util.GsonHelper.m_13808_(GsonHelper.java:463) ~[server-1.20.1-20230612.114412-srg.jar%23149!/:?]
	at net.minecraft.util.GsonHelper.m_13836_(GsonHelper.java:471) ~[server-1.20.1-20230612.114412-srg.jar%23149!/:?]
	at net.minecraft.world.level.storage.loot.LootPool$Serializer.deserialize(LootPool.java:192) ~[server-1.20.1-20230612.114412-srg.jar%23149!/:?]
	at net.minecraft.world.level.storage.loot.LootPool$Serializer.deserialize(LootPool.java:189) ~[server-1.20.1-20230612.114412-srg.jar%23149!/:?]
	at com.google.gson.internal.bind.TreeTypeAdapter.read(TreeTypeAdapter.java:76) ~[gson-2.10.jar%2372!/:?]
	at com.google.gson.internal.bind.TypeAdapterRuntimeTypeWrapper.read(TypeAdapterRuntimeTypeWrapper.java:40) ~[gson-2.10.jar%2372!/:?]
	at com.google.gson.internal.bind.ArrayTypeAdapter.read(ArrayTypeAdapter.java:72) ~[gson-2.10.jar%2372!/:?]
	at com.google.gson.Gson.fromJson(Gson.java:1214) ~[gson-2.10.jar%2372!/:?]
	at com.google.gson.Gson.fromJson(Gson.java:1319) ~[gson-2.10.jar%2372!/:?]
	at com.google.gson.Gson.fromJson(Gson.java:1290) ~[gson-2.10.jar%2372!/:?]
	at com.google.gson.internal.bind.TreeTypeAdapter$GsonContextImpl.deserialize(TreeTypeAdapter.java:179) ~[gson-2.10.jar%2372!/:?]
	at net.minecraft.util.GsonHelper.m_13808_(GsonHelper.java:463) ~[server-1.20.1-20230612.114412-srg.jar%23149!/:?]
	at net.minecraft.util.GsonHelper.m_13845_(GsonHelper.java:481) ~[server-1.20.1-20230612.114412-srg.jar%23149!/:?]
	at net.minecraft.world.level.storage.loot.LootTable$Serializer.deserialize(LootTable.java:294) ~[server-1.20.1-20230612.114412-srg.jar%23149!/:?]
	at net.minecraft.world.level.storage.loot.LootTable$Serializer.deserialize(LootTable.java:291) ~[server-1.20.1-20230612.114412-srg.jar%23149!/:?]
	at com.google.gson.internal.bind.TreeTypeAdapter.read(TreeTypeAdapter.java:76) ~[gson-2.10.jar%2372!/:?]
	at com.google.gson.Gson.fromJson(Gson.java:1214) ~[gson-2.10.jar%2372!/:?]
	at com.google.gson.Gson.fromJson(Gson.java:1319) ~[gson-2.10.jar%2372!/:?]
	at com.google.gson.Gson.fromJson(Gson.java:1261) ~[gson-2.10.jar%2372!/:?]
	at net.minecraftforge.common.ForgeHooks.loadLootTable(ForgeHooks.java:871) ~[forge-1.20.1-47.3.7-universal.jar%23154!/:?]
	at net.minecraftforge.common.ForgeHooks.lambda$getLootTableDeserializer$3(ForgeHooks.java:848) ~[forge-1.20.1-47.3.7-universal.jar%23154!/:?]
	at net.minecraft.world.level.storage.loot.LootDataType.deserialize(LootDataType.java:45) ~[server-1.20.1-20230612.114412-srg.jar%23149!/:?]
	at net.minecraft.world.level.storage.loot.LootDataManager.lambda$scheduleElementParse$4(LootDataManager.java:56) ~[server-1.20.1-20230612.114412-srg.jar%23149!/:?]
	at java.util.HashMap.forEach(HashMap.java:1421) ~[?:?]
	at net.minecraft.world.level.storage.loot.LootDataManager.m_278660_(LootDataManager.java:55) ~[server-1.20.1-20230612.114412-srg.jar%23149!/:?]
	at java.util.concurrent.CompletableFuture$AsyncRun.run(CompletableFuture.java:1804) ~[?:?]
	at java.util.concurrent.CompletableFuture$AsyncRun.exec(CompletableFuture.java:1796) ~[?:?]
	at java.util.concurrent.ForkJoinTask.doExec(ForkJoinTask.java:373) ~[?:?]
	at java.util.concurrent.ForkJoinPool$WorkQueue.topLevelExec(ForkJoinPool.java:1182) ~[?:?]
	at java.util.concurrent.ForkJoinPool.scan(ForkJoinPool.java:1655) ~[?:?]
	at java.util.concurrent.ForkJoinPool.runWorker(ForkJoinPool.java:1622) ~[?:?]
	at java.util.concurrent.ForkJoinWorkerThread.run(ForkJoinWorkerThread.java:165) ~[?:?]
[22Feb2026 19:50:51.744] [main/ERROR] [net.minecraft.world.item.crafting.RecipeManager/]: Parsing error loading recipe slugterra:shane_journal_recipe
com.google.gson.JsonSyntaxException: Invalid or unsupported recipe type 'patchouli:shapeless_book_recipe'
	at net.minecraft.world.item.crafting.RecipeManager.m_220253_(RecipeManager.java:170) ~[server-1.20.1-20230612.114412-srg.jar%23149!/:?]
	at java.util.Optional.orElseThrow(Optional.java:403) ~[?:?]
	at net.minecraft.world.item.crafting.RecipeManager.fromJson(RecipeManager.java:169) ~[server-1.20.1-20230612.114412-srg.jar%23149!/:?]
	at net.minecraft.world.item.crafting.RecipeManager.m_5787_(RecipeManager.java:67) ~[server-1.20.1-20230612.114412-srg.jar%23149!/:?]
	at net.minecraft.world.item.crafting.RecipeManager.m_5787_(RecipeManager.java:34) ~[server-1.20.1-20230612.114412-srg.jar%23149!/:?]
	at net.minecraft.server.packs.resources.SimplePreparableReloadListener.m_10789_(SimplePreparableReloadListener.java:13) ~[server-1.20.1-20230612.114412-srg.jar%23149!/:?]
	at java.util.concurrent.CompletableFuture$UniAccept.tryFire(CompletableFuture.java:718) ~[?:?]
	at java.util.concurrent.CompletableFuture$Completion.run(CompletableFuture.java:482) ~[?:?]
	at net.minecraft.server.packs.resources.SimpleReloadInstance.m_143940_(SimpleReloadInstance.java:69) ~[server-1.20.1-20230612.114412-srg.jar%23149!/:?]
	at net.minecraft.Util.m_214652_(Util.java:783) ~[server-1.20.1-20230612.114412-srg.jar%23149!/:?]
	at net.minecraft.Util.m_214679_(Util.java:772) ~[server-1.20.1-20230612.114412-srg.jar%23149!/:?]
	at net.minecraft.server.Main.main(Main.java:166) ~[server-1.20.1-20230612.114412-srg.jar%23149!/:?]
	at jdk.internal.reflect.NativeMethodAccessorImpl.invoke0(Native Method) ~[?:?]
	at jdk.internal.reflect.NativeMethodAccessorImpl.invoke(NativeMethodAccessorImpl.java:77) ~[?:?]
	at jdk.internal.reflect.DelegatingMethodAccessorImpl.invoke(DelegatingMethodAccessorImpl.java:43) ~[?:?]
	at java.lang.reflect.Method.invoke(Method.java:569) ~[?:?]
	at net.minecraftforge.fml.loading.targets.CommonLaunchHandler.runTarget(CommonLaunchHandler.java:111) ~[fmlloader-1.20.1-47.3.7.jar%2369!/:?]
	at net.minecraftforge.fml.loading.targets.CommonLaunchHandler.serverService(CommonLaunchHandler.java:103) ~[fmlloader-1.20.1-47.3.7.jar%2369!/:?]
	at net.minecraftforge.fml.loading.targets.CommonServerLaunchHandler.lambda$makeService$0(CommonServerLaunchHandler.java:27) ~[fmlloader-1.20.1-47.3.7.jar%2369!/:?]
	at cpw.mods.modlauncher.LaunchServiceHandlerDecorator.launch(LaunchServiceHandlerDecorator.java:30) ~[modlauncher-10.0.9.jar%2355!/:?]
	at cpw.mods.modlauncher.LaunchServiceHandler.launch(LaunchServiceHandler.java:53) ~[modlauncher-10.0.9.jar%2355!/:?]
	at cpw.mods.modlauncher.LaunchServiceHandler.launch(LaunchServiceHandler.java:71) ~[modlauncher-10.0.9.jar%2355!/:?]
	at cpw.mods.modlauncher.Launcher.run(Launcher.java:108) ~[modlauncher-10.0.9.jar%2355!/:?]
	at cpw.mods.modlauncher.Launcher.main(Launcher.java:78) ~[modlauncher-10.0.9.jar%2355!/:?]
	at cpw.mods.modlauncher.BootstrapLaunchConsumer.accept(BootstrapLaunchConsumer.java:26) ~[modlauncher-10.0.9.jar%2355!/:?]
	at cpw.mods.modlauncher.BootstrapLaunchConsumer.accept(BootstrapLaunchConsumer.java:23) ~[modlauncher-10.0.9.jar%2355!/:?]
	at cpw.mods.bootstraplauncher.BootstrapLauncher.main(BootstrapLauncher.java:141) ~[bootstraplauncher-1.1.2.jar:?]
[22Feb2026 19:50:51.762] [main/INFO] [net.minecraft.world.item.crafting.RecipeManager/]: Loaded 8 recipes
[22Feb2026 19:50:51.883] [main/INFO] [net.minecraft.advancements.AdvancementList/]: Loaded 1420 advancements
[22Feb2026 19:50:51.891] [main/ERROR] [net.blay09.mods.kleeslabs.KleeSlabs/]: Slab minecraft:pale_oak_slab could not be found.
[22Feb2026 19:50:51.891] [main/ERROR] [net.blay09.mods.kleeslabs.KleeSlabs/]: Slab minecraft:resin_brick_slab could not be found.
[22Feb2026 19:50:51.893] [main/DEBUG] [sophisticatedbackpacks/]: Started loading registry data from sophisticatedbackpacks:compat/woot/block_tools 
[22Feb2026 19:50:51.893] [main/DEBUG] [sophisticatedbackpacks/]: Started loading registry data from sophisticatedbackpacks:compat/fluxnetworks/block_tools 
[22Feb2026 19:50:51.893] [main/DEBUG] [sophisticatedbackpacks/]: Started loading registry data from sophisticatedbackpacks:compat/mob_grinding_utils/entity_tools 
[22Feb2026 19:50:51.893] [main/DEBUG] [sophisticatedbackpacks/]: Started loading registry data from sophisticatedbackpacks:compat/astralsorcery/block_tools 
[22Feb2026 19:50:51.893] [main/DEBUG] [sophisticatedbackpacks/]: Started loading registry data from sophisticatedbackpacks:compat/immersivepetroleum/block_tools 
[22Feb2026 19:50:51.893] [main/DEBUG] [sophisticatedbackpacks/]: Started loading registry data from sophisticatedbackpacks:compat/immersiveengineering/block_tools 
[22Feb2026 19:50:51.893] [main/DEBUG] [sophisticatedbackpacks/]: Started loading registry data from sophisticatedbackpacks:compat/pedestals/block_tools 
[22Feb2026 19:50:51.893] [main/DEBUG] [sophisticatedbackpacks/]: Started loading registry data from sophisticatedbackpacks:compat/platforms/block_tools 
[22Feb2026 19:50:51.893] [main/DEBUG] [sophisticatedbackpacks/]: Started loading registry data from sophisticatedbackpacks:compat/rftoolsutility/entity_tools 
[22Feb2026 19:50:51.893] [main/DEBUG] [sophisticatedbackpacks/]: Started loading registry data from sophisticatedbackpacks:compat/compactmachines/block_tools 
[22Feb2026 19:50:51.894] [main/DEBUG] [sophisticatedbackpacks/]: Started loading registry data from sophisticatedbackpacks:compat/mcwwindows/block_tools 
[22Feb2026 19:50:51.894] [main/DEBUG] [sophisticatedbackpacks/]: Started loading registry data from sophisticatedbackpacks:compat/integrateddynamics/block_tools 
[22Feb2026 19:50:51.894] [main/DEBUG] [sophisticatedbackpacks/]: Started loading registry data from sophisticatedbackpacks:entity_tools 
[22Feb2026 19:50:51.896] [main/DEBUG] [sophisticatedbackpacks/]: Finished loading registry data for sophisticatedbackpacks:entity_tools
[22Feb2026 19:50:51.896] [main/DEBUG] [sophisticatedbackpacks/]: Started loading registry data from sophisticatedbackpacks:compat/mekanism/block_tools 
[22Feb2026 19:50:51.896] [main/DEBUG] [sophisticatedbackpacks/]: Started loading registry data from sophisticatedbackpacks:compat/powah/block_tools 
[22Feb2026 19:50:51.896] [main/DEBUG] [sophisticatedbackpacks/]: Started loading registry data from sophisticatedbackpacks:compat/apotheosis/entity_tools 
[22Feb2026 19:50:51.896] [main/DEBUG] [sophisticatedbackpacks/]: Started loading registry data from sophisticatedbackpacks:compat/bloodmagic/block_tools 
[22Feb2026 19:50:51.896] [main/DEBUG] [sophisticatedbackpacks/]: Started loading registry data from sophisticatedbackpacks:compat/immersiveposts/block_tools 
[22Feb2026 19:50:51.896] [main/DEBUG] [sophisticatedbackpacks/]: Started loading registry data from sophisticatedbackpacks:compat/rats/entity_tools 
[22Feb2026 19:50:51.896] [main/DEBUG] [sophisticatedbackpacks/]: Started loading registry data from sophisticatedbackpacks:compat/framedcompactdrawers/block_tools 
[22Feb2026 19:50:51.896] [main/DEBUG] [sophisticatedbackpacks/]: Started loading registry data from sophisticatedbackpacks:compat/iceandfire/entity_tools 
[22Feb2026 19:50:51.896] [main/DEBUG] [sophisticatedbackpacks/]: Started loading registry data from sophisticatedbackpacks:compat/storagedrawers/block_tools 
[22Feb2026 19:50:51.896] [main/DEBUG] [sophisticatedbackpacks/]: Started loading registry data from sophisticatedbackpacks:compat/mcwroofs/block_tools 
[22Feb2026 19:50:51.896] [main/DEBUG] [sophisticatedbackpacks/]: Started loading registry data from sophisticatedbackpacks:compat/morphtool/block_tools 
[22Feb2026 19:50:51.896] [main/DEBUG] [sophisticatedbackpacks/]: Started loading registry data from sophisticatedbackpacks:compat/botania/block_tools 
[22Feb2026 19:50:51.896] [main/DEBUG] [sophisticatedbackpacks/]: Started loading registry data from sophisticatedbackpacks:compat/pneumaticraft/block_tools 
[22Feb2026 19:50:51.896] [main/DEBUG] [sophisticatedbackpacks/]: Started loading registry data from sophisticatedbackpacks:compat/shrink/entity_tools 
[22Feb2026 19:50:51.896] [main/DEBUG] [sophisticatedbackpacks/]: Started loading registry data from sophisticatedbackpacks:compat/blockcarpentry/block_tools 
[22Feb2026 19:50:51.896] [main/DEBUG] [sophisticatedbackpacks/]: Started loading registry data from sophisticatedbackpacks:compat/pipez/block_tools 
[22Feb2026 19:50:51.896] [main/DEBUG] [sophisticatedbackpacks/]: Started loading registry data from sophisticatedbackpacks:compat/transport/block_tools 
[22Feb2026 19:50:51.896] [main/DEBUG] [sophisticatedbackpacks/]: Started loading registry data from sophisticatedbackpacks:compat/thermal/block_tools 
[22Feb2026 19:50:51.896] [main/DEBUG] [sophisticatedbackpacks/]: Started loading registry data from sophisticatedbackpacks:block_tools 
[22Feb2026 19:50:51.896] [main/DEBUG] [sophisticatedbackpacks/]: Finished loading registry data for sophisticatedbackpacks:block_tools
[22Feb2026 19:50:51.896] [main/DEBUG] [sophisticatedbackpacks/]: Started loading registry data from sophisticatedbackpacks:compat/create/block_tools 
[22Feb2026 19:50:51.896] [main/DEBUG] [sophisticatedbackpacks/]: Started loading registry data from sophisticatedbackpacks:compat/farmersdelight/entity_tools 
[22Feb2026 19:50:51.896] [main/DEBUG] [sophisticatedbackpacks/]: Started loading registry data from sophisticatedbackpacks:compat/refinedstorage/block_tools 
[22Feb2026 19:50:51.896] [main/DEBUG] [sophisticatedbackpacks/]: Started loading registry data from sophisticatedbackpacks:compat/chiselsandbits/block_tools 
[22Feb2026 19:50:51.897] [main/DEBUG] [sophisticatedbackpacks/]: Started loading registry data from sophisticatedbackpacks:compat/farmersdelight/block_tools 
[22Feb2026 19:50:51.897] [main/DEBUG] [sophisticatedbackpacks/]: Started loading registry data from sophisticatedbackpacks:compat/resourcefulbees/entity_tools 
[22Feb2026 19:50:51.897] [main/DEBUG] [sophisticatedbackpacks/]: Started loading registry data from sophisticatedbackpacks:compat/tetra/swords 
[22Feb2026 19:50:51.897] [main/DEBUG] [sophisticatedbackpacks/]: Started loading registry data from sophisticatedbackpacks:swords 
[22Feb2026 19:50:51.897] [main/DEBUG] [sophisticatedbackpacks/]: Finished loading registry data for sophisticatedbackpacks:swords
[22Feb2026 19:50:51.897] [main/DEBUG] [sophisticatedbackpacks/]: Started loading registry data from sophisticatedbackpacks:compat/mythicbotany/block_tools 
[22Feb2026 19:50:51.897] [main/DEBUG] [sophisticatedbackpacks/]: Started loading registry data from sophisticatedbackpacks:compat/resourcefulbees/block_tools 
[22Feb2026 19:50:51.897] [main/DEBUG] [sophisticatedbackpacks/]: Started loading registry data from sophisticatedbackpacks:compat/syp/entity_tools 
[22Feb2026 19:50:51.897] [main/DEBUG] [sophisticatedbackpacks/]: Started loading registry data from sophisticatedbackpacks:compat/eidolon/block_tools 
[22Feb2026 19:50:51.897] [main/DEBUG] [sophisticatedbackpacks/]: Started loading registry data from sophisticatedbackpacks:compat/rftoolsbase/block_tools 
[22Feb2026 19:50:52.456] [main/DEBUG] [net.minecraftforge.common.ForgeHooks/WP]: Gathering id map for writing to world save world
[22Feb2026 19:50:52.472] [main/DEBUG] [net.minecraftforge.common.ForgeHooks/WP]: ID Map collection complete world
[22Feb2026 19:50:52.515] [Server thread/INFO] [net.minecraft.server.dedicated.DedicatedServer/]: Starting minecraft server version 1.20.1
[22Feb2026 19:50:52.515] [Server thread/INFO] [net.minecraft.server.dedicated.DedicatedServer/]: Loading properties
[22Feb2026 19:50:52.515] [Server thread/INFO] [net.minecraft.server.dedicated.DedicatedServer/]: Default game type: SURVIVAL
[22Feb2026 19:50:52.516] [Server thread/INFO] [net.minecraft.server.MinecraftServer/]: Generating keypair
[22Feb2026 19:50:52.592] [Server thread/INFO] [net.minecraft.server.dedicated.DedicatedServer/]: Starting Minecraft server on *:25565
[22Feb2026 19:50:52.598] [Server thread/DEBUG] [net.minecraftforge.network.DualStackUtils/]: Detected IPv6 address: "0:0:0:0:0:0:0:0"
[22Feb2026 19:50:52.609] [Server thread/DEBUG] [io.netty.util.internal.NativeLibraryLoader/]: -Dio.netty.native.workdir: /tmp (io.netty.tmpdir)
[22Feb2026 19:50:52.609] [Server thread/DEBUG] [io.netty.util.internal.NativeLibraryLoader/]: -Dio.netty.native.deleteLibAfterLoading: true
[22Feb2026 19:50:52.609] [Server thread/DEBUG] [io.netty.util.internal.NativeLibraryLoader/]: -Dio.netty.native.tryPatchShadedId: true
[22Feb2026 19:50:52.609] [Server thread/DEBUG] [io.netty.util.internal.NativeLibraryLoader/]: -Dio.netty.native.detectNativeLibraryDuplicates: true
[22Feb2026 19:50:52.617] [Server thread/DEBUG] [io.netty.util.internal.NativeLibraryLoader/]: Successfully loaded the library /tmp/libnetty_transport_native_epoll_x86_6413617287241971932408.so
[22Feb2026 19:50:52.620] [Server thread/DEBUG] [io.netty.util.NetUtil/]: -Djava.net.preferIPv4Stack: false
[22Feb2026 19:50:52.620] [Server thread/DEBUG] [io.netty.util.NetUtil/]: -Djava.net.preferIPv6Addresses: true
[22Feb2026 19:50:52.622] [Server thread/DEBUG] [io.netty.util.NetUtilInitializations/]: Loopback interface: lo (lo, 0:0:0:0:0:0:0:1%lo)
[22Feb2026 19:50:52.623] [Server thread/DEBUG] [io.netty.util.NetUtil/]: /proc/sys/net/core/somaxconn: 4096
[22Feb2026 19:50:52.627] [Server thread/INFO] [net.minecraft.server.network.ServerConnectionListener/]: Using epoll channel type
[22Feb2026 19:50:52.646] [Server thread/DEBUG] [io.netty.channel.MultithreadEventLoopGroup/]: -Dio.netty.eventLoopThreads: 8
[22Feb2026 19:50:52.657] [Server thread/DEBUG] [io.netty.util.internal.InternalThreadLocalMap/]: -Dio.netty.threadLocalMap.stringBuilder.initialSize: 1024
[22Feb2026 19:50:52.657] [Server thread/DEBUG] [io.netty.util.internal.InternalThreadLocalMap/]: -Dio.netty.threadLocalMap.stringBuilder.maxSize: 4096
[22Feb2026 19:50:52.666] [Server thread/DEBUG] [io.netty.util.internal.PlatformDependent/]: org.jctools-core.MpscChunkedArrayQueue: available
[22Feb2026 19:50:52.675] [Server thread/DEBUG] [io.netty.channel.DefaultChannelId/]: -Dio.netty.processId: 9775 (auto-detected)
[22Feb2026 19:50:52.676] [Server thread/DEBUG] [io.netty.channel.DefaultChannelId/]: -Dio.netty.machineId: 60:45:bd:ff:fe:79:7b:f3 (auto-detected)
[22Feb2026 19:50:52.699] [Server thread/DEBUG] [io.netty.buffer.PooledByteBufAllocator/]: -Dio.netty.allocator.numHeapArenas: 8
[22Feb2026 19:50:52.699] [Server thread/DEBUG] [io.netty.buffer.PooledByteBufAllocator/]: -Dio.netty.allocator.numDirectArenas: 8
[22Feb2026 19:50:52.699] [Server thread/DEBUG] [io.netty.buffer.PooledByteBufAllocator/]: -Dio.netty.allocator.pageSize: 8192
[22Feb2026 19:50:52.699] [Server thread/DEBUG] [io.netty.buffer.PooledByteBufAllocator/]: -Dio.netty.allocator.maxOrder: 9
[22Feb2026 19:50:52.699] [Server thread/DEBUG] [io.netty.buffer.PooledByteBufAllocator/]: -Dio.netty.allocator.chunkSize: 4194304
[22Feb2026 19:50:52.699] [Server thread/DEBUG] [io.netty.buffer.PooledByteBufAllocator/]: -Dio.netty.allocator.smallCacheSize: 256
[22Feb2026 19:50:52.699] [Server thread/DEBUG] [io.netty.buffer.PooledByteBufAllocator/]: -Dio.netty.allocator.normalCacheSize: 64
[22Feb2026 19:50:52.699] [Server thread/DEBUG] [io.netty.buffer.PooledByteBufAllocator/]: -Dio.netty.allocator.maxCachedBufferCapacity: 32768
[22Feb2026 19:50:52.699] [Server thread/DEBUG] [io.netty.buffer.PooledByteBufAllocator/]: -Dio.netty.allocator.cacheTrimInterval: 8192
[22Feb2026 19:50:52.700] [Server thread/DEBUG] [io.netty.buffer.PooledByteBufAllocator/]: -Dio.netty.allocator.cacheTrimIntervalMillis: 0
[22Feb2026 19:50:52.700] [Server thread/DEBUG] [io.netty.buffer.PooledByteBufAllocator/]: -Dio.netty.allocator.useCacheForAllThreads: false
[22Feb2026 19:50:52.700] [Server thread/DEBUG] [io.netty.buffer.PooledByteBufAllocator/]: -Dio.netty.allocator.maxCachedByteBuffersPerChunk: 1023
[22Feb2026 19:50:52.707] [Server thread/DEBUG] [io.netty.buffer.ByteBufUtil/]: -Dio.netty.allocator.type: pooled
[22Feb2026 19:50:52.707] [Server thread/DEBUG] [io.netty.buffer.ByteBufUtil/]: -Dio.netty.threadLocalDirectBufferSize: 0
[22Feb2026 19:50:52.707] [Server thread/DEBUG] [io.netty.buffer.ByteBufUtil/]: -Dio.netty.maxThreadLocalCharBufferSize: 16384
[22Feb2026 19:50:52.716] [Server thread/WARN] [net.minecraft.server.dedicated.DedicatedServer/]: **** SERVER IS RUNNING IN OFFLINE/INSECURE MODE!
[22Feb2026 19:50:52.716] [Server thread/WARN] [net.minecraft.server.dedicated.DedicatedServer/]: The server will make no attempt to authenticate usernames. Beware.
[22Feb2026 19:50:52.717] [Server thread/WARN] [net.minecraft.server.dedicated.DedicatedServer/]: While this makes the game possible to play without internet access, it also opens up the ability for hackers to connect with any username they choose.
[22Feb2026 19:50:52.717] [Server thread/WARN] [net.minecraft.server.dedicated.DedicatedServer/]: To change this, set "online-mode" to "true" in the server.properties file.
[22Feb2026 19:50:52.735] [Server thread/DEBUG] [net.minecraftforge.fml.config.ConfigTracker/CONFIG]: Loading configs type SERVER
[22Feb2026 19:50:52.735] [Server thread/DEBUG] [net.minecraftforge.fml.config.ConfigFileTypeHandler/CONFIG]: Built TOML config for ./world/serverconfig/jei-server.toml
[22Feb2026 19:50:52.736] [Server thread/DEBUG] [net.minecraftforge.fml.config.ConfigFileTypeHandler/CONFIG]: Loaded TOML config file ./world/serverconfig/jei-server.toml
[22Feb2026 19:50:52.736] [Server thread/DEBUG] [net.minecraftforge.fml.config.ConfigFileTypeHandler/CONFIG]: Watching TOML config file ./world/serverconfig/jei-server.toml for changes
[22Feb2026 19:50:52.737] [Server thread/DEBUG] [net.minecraftforge.fml.config.ConfigFileTypeHandler/CONFIG]: Built TOML config for ./world/serverconfig/gravestone-server.toml
[22Feb2026 19:50:52.737] [Server thread/DEBUG] [net.minecraftforge.fml.config.ConfigFileTypeHandler/CONFIG]: Loaded TOML config file ./world/serverconfig/gravestone-server.toml
[22Feb2026 19:50:52.737] [Thread-6/DEBUG] [net.minecraftforge.fml.config.ConfigFileTypeHandler/CONFIG]: Config file jei-server.toml changed, sending notifies
[22Feb2026 19:50:52.738] [Server thread/DEBUG] [net.minecraftforge.fml.config.ConfigFileTypeHandler/CONFIG]: Watching TOML config file ./world/serverconfig/gravestone-server.toml for changes
[22Feb2026 19:50:52.739] [Thread-6/DEBUG] [net.minecraftforge.fml.config.ConfigFileTypeHandler/CONFIG]: Config file jei-server.toml changed, sending notifies
[22Feb2026 19:50:52.740] [Thread-6/DEBUG] [net.minecraftforge.fml.config.ConfigFileTypeHandler/CONFIG]: Config file gravestone-server.toml changed, sending notifies
[22Feb2026 19:50:52.740] [Server thread/DEBUG] [net.minecraftforge.fml.config.ConfigFileTypeHandler/CONFIG]: Built TOML config for ./world/serverconfig/sophisticatedbackpacks-server.toml
[22Feb2026 19:50:52.741] [Thread-6/DEBUG] [net.minecraftforge.fml.config.ConfigFileTypeHandler/CONFIG]: Config file gravestone-server.toml changed, sending notifies
[22Feb2026 19:50:52.743] [Server thread/DEBUG] [net.minecraftforge.fml.config.ConfigFileTypeHandler/CONFIG]: Loaded TOML config file ./world/serverconfig/sophisticatedbackpacks-server.toml
[22Feb2026 19:50:52.743] [Server thread/DEBUG] [net.minecraftforge.fml.config.ConfigFileTypeHandler/CONFIG]: Watching TOML config file ./world/serverconfig/sophisticatedbackpacks-server.toml for changes
[22Feb2026 19:50:52.746] [Thread-6/DEBUG] [net.minecraftforge.fml.config.ConfigFileTypeHandler/CONFIG]: Config file sophisticatedbackpacks-server.toml changed, sending notifies
[22Feb2026 19:50:52.747] [Server thread/DEBUG] [net.minecraftforge.fml.config.ConfigFileTypeHandler/CONFIG]: Built TOML config for ./world/serverconfig/globalxp-server.toml
[22Feb2026 19:50:52.747] [Server thread/DEBUG] [net.minecraftforge.fml.config.ConfigFileTypeHandler/CONFIG]: Loaded TOML config file ./world/serverconfig/globalxp-server.toml
[22Feb2026 19:50:52.747] [Server thread/DEBUG] [net.minecraftforge.fml.config.ConfigFileTypeHandler/CONFIG]: Watching TOML config file ./world/serverconfig/globalxp-server.toml for changes
[22Feb2026 19:50:52.748] [Thread-6/DEBUG] [net.minecraftforge.fml.config.ConfigFileTypeHandler/CONFIG]: Config file globalxp-server.toml changed, sending notifies
[22Feb2026 19:50:52.748] [Server thread/DEBUG] [net.minecraftforge.fml.config.ConfigFileTypeHandler/CONFIG]: Built TOML config for ./world/serverconfig/forge-server.toml
[22Feb2026 19:50:52.748] [Server thread/DEBUG] [net.minecraftforge.fml.config.ConfigFileTypeHandler/CONFIG]: Loaded TOML config file ./world/serverconfig/forge-server.toml
[22Feb2026 19:50:52.748] [Server thread/DEBUG] [net.minecraftforge.fml.config.ConfigFileTypeHandler/CONFIG]: Watching TOML config file ./world/serverconfig/forge-server.toml for changes
[22Feb2026 19:50:52.748] [Thread-6/DEBUG] [net.minecraftforge.fml.config.ConfigFileTypeHandler/CONFIG]: Config file globalxp-server.toml changed, sending notifies
[22Feb2026 19:50:52.749] [Server thread/DEBUG] [net.minecraftforge.common.ForgeConfig/FORGEMOD]: Loaded forge config file forge-server.toml
[22Feb2026 19:50:52.749] [Server thread/DEBUG] [net.minecraftforge.fml.config.ConfigFileTypeHandler/CONFIG]: Built TOML config for ./world/serverconfig/slugterra-server.toml
[22Feb2026 19:50:52.749] [Thread-6/DEBUG] [net.minecraftforge.fml.config.ConfigFileTypeHandler/CONFIG]: Config file forge-server.toml changed, sending notifies
[22Feb2026 19:50:52.750] [Thread-6/DEBUG] [net.minecraftforge.common.ForgeConfig/FORGEMOD]: Forge config just got changed on the file system!
[22Feb2026 19:50:52.751] [Server thread/DEBUG] [net.minecraftforge.fml.config.ConfigFileTypeHandler/CONFIG]: Loaded TOML config file ./world/serverconfig/slugterra-server.toml
[22Feb2026 19:50:52.751] [Server thread/DEBUG] [net.minecraftforge.fml.config.ConfigFileTypeHandler/CONFIG]: Watching TOML config file ./world/serverconfig/slugterra-server.toml for changes
[22Feb2026 19:50:52.752] [Thread-6/DEBUG] [net.minecraftforge.fml.config.ConfigFileTypeHandler/CONFIG]: Config file slugterra-server.toml changed, sending notifies
[22Feb2026 19:50:52.755] [Thread-6/DEBUG] [net.minecraftforge.fml.config.ConfigFileTypeHandler/CONFIG]: Config file slugterra-server.toml changed, sending notifies
[22Feb2026 19:50:52.809] [Server thread/INFO] [net.minecraft.server.dedicated.DedicatedServer/]: Preparing level "world"
[22Feb2026 19:50:52.815] [Server thread/DEBUG] [net.minecraftforge.coremod.transformer.CoreModBaseTransformer/COREMOD]: Transforming net/minecraft/world/level/levelgen/PhantomSpawner
[22Feb2026 19:50:52.824] [Server thread/DEBUG] [net.minecraftforge.coremod.transformer.CoreModBaseTransformer/COREMOD]: Transforming net/minecraft/world/level/levelgen/PatrolSpawner
[22Feb2026 19:50:52.832] [Server thread/DEBUG] [net.minecraftforge.coremod.transformer.CoreModBaseTransformer/COREMOD]: Transforming net/minecraft/world/entity/npc/CatSpawner
[22Feb2026 19:50:52.838] [Server thread/DEBUG] [net.minecraftforge.coremod.transformer.CoreModBaseTransformer/COREMOD]: Transforming net/minecraft/world/entity/ai/village/VillageSiege
[22Feb2026 19:50:55.782] [Server thread/INFO] [net.minecraft.server.MinecraftServer/]: Preparing start region for dimension minecraft:overworld
[22Feb2026 19:50:56.888] [Server thread/DEBUG] [mixin/]: Mixing MixinChunkSerializer from architectury.mixins.json into net.minecraft.world.level.chunk.storage.ChunkSerializer
[22Feb2026 19:50:57.782] [Server thread/DEBUG] [net.minecraftforge.coremod.transformer.CoreModBaseTransformer/COREMOD]: Transforming net/minecraft/world/level/levelgen/structure/templatesystem/StructureTemplate
[22Feb2026 19:50:57.942] [Worker-Main-2/INFO] [net.minecraft.server.level.progress.LoggerChunkProgressListener/]: Preparing spawn area: 0%
[22Feb2026 19:50:57.949] [Worker-Main-1/INFO] [net.minecraft.server.level.progress.LoggerChunkProgressListener/]: Preparing spawn area: 0%
[22Feb2026 19:50:57.951] [Worker-Main-1/INFO] [net.minecraft.server.level.progress.LoggerChunkProgressListener/]: Preparing spawn area: 0%
[22Feb2026 19:50:57.952] [Worker-Main-1/INFO] [net.minecraft.server.level.progress.LoggerChunkProgressListener/]: Preparing spawn area: 0%
[22Feb2026 19:50:57.954] [Worker-Main-1/INFO] [net.minecraft.server.level.progress.LoggerChunkProgressListener/]: Preparing spawn area: 0%
[22Feb2026 19:50:58.287] [Worker-Main-3/INFO] [net.minecraft.server.level.progress.LoggerChunkProgressListener/]: Preparing spawn area: 0%
[22Feb2026 19:50:58.869] [Worker-Main-2/INFO] [net.minecraft.server.level.progress.LoggerChunkProgressListener/]: Preparing spawn area: 0%
[22Feb2026 19:50:59.317] [Worker-Main-1/INFO] [net.minecraft.server.level.progress.LoggerChunkProgressListener/]: Preparing spawn area: 0%
[22Feb2026 19:50:59.787] [Worker-Main-2/INFO] [net.minecraft.server.level.progress.LoggerChunkProgressListener/]: Preparing spawn area: 0%
[22Feb2026 19:51:00.289] [Worker-Main-2/INFO] [net.minecraft.server.level.progress.LoggerChunkProgressListener/]: Preparing spawn area: 0%
[22Feb2026 19:51:00.783] [Worker-Main-2/INFO] [net.minecraft.server.level.progress.LoggerChunkProgressListener/]: Preparing spawn area: 0%
[22Feb2026 19:51:01.284] [Worker-Main-1/INFO] [net.minecraft.server.level.progress.LoggerChunkProgressListener/]: Preparing spawn area: 4%
[22Feb2026 19:51:01.783] [Worker-Main-2/INFO] [net.minecraft.server.level.progress.LoggerChunkProgressListener/]: Preparing spawn area: 71%
[22Feb2026 19:51:01.936] [Server thread/INFO] [net.minecraft.server.level.progress.LoggerChunkProgressListener/]: Time elapsed: 6153 ms
[22Feb2026 19:51:01.937] [Server thread/INFO] [net.minecraft.server.dedicated.DedicatedServer/]: Done (9.202s)! For help, type "help"
[22Feb2026 19:51:01.945] [Server thread/DEBUG] [net.minecraftforge.network.DualStackUtils/]: Detected IPv6 address: "0:0:0:0:0:0:0:0"
[22Feb2026 19:51:01.962] [Server thread/DEBUG] [net.minecraftforge.common.ForgeI18n/CORE]: Loading I18N data entries: 4755
[22Feb2026 19:51:01.965] [Server thread/INFO] [net.minecraftforge.server.permission.PermissionAPI/]: Successfully initialized permission handler forge:default_handler
[22Feb2026 19:51:01.986] [Server thread/DEBUG] [io.netty.buffer.AbstractByteBuf/]: -Dio.netty.buffer.checkAccessible: true
[22Feb2026 19:51:01.986] [Server thread/DEBUG] [io.netty.buffer.AbstractByteBuf/]: -Dio.netty.buffer.checkBounds: true
[22Feb2026 19:51:01.987] [Server thread/DEBUG] [io.netty.util.ResourceLeakDetectorFactory/]: Loaded default ResourceLeakDetector: io.netty.util.ResourceLeakDetector@342fd7ac
[22Feb2026 19:51:02.012] [Server thread/DEBUG] [net.minecraftforge.coremod.transformer.CoreModBaseTransformer/COREMOD]: Transforming net/minecraft/world/level/NaturalSpawner
[22Feb2026 19:52:56.525] [Server thread/INFO] [net.minecraft.server.MinecraftServer/]: Stopping the server
[22Feb2026 19:52:56.571] [Server thread/INFO] [net.minecraft.server.MinecraftServer/]: Stopping server
[22Feb2026 19:52:56.573] [Server thread/INFO] [net.minecraft.server.MinecraftServer/]: Saving players
[22Feb2026 19:52:56.573] [Server thread/INFO] [net.minecraft.server.MinecraftServer/]: Saving worlds
[22Feb2026 19:52:56.834] [Server thread/INFO] [net.minecraft.server.MinecraftServer/]: Saving chunks for level 'ServerLevel[world]'/minecraft:overworld
[22Feb2026 19:52:56.987] [Server thread/INFO] [net.minecraft.server.MinecraftServer/]: Saving chunks for level 'ServerLevel[world]'/minecraft:the_end
[22Feb2026 19:52:56.989] [Server thread/INFO] [net.minecraft.server.MinecraftServer/]: Saving chunks for level 'ServerLevel[world]'/minecraft:the_nether
[22Feb2026 19:52:56.990] [Server thread/INFO] [net.minecraft.server.MinecraftServer/]: Saving chunks for level 'ServerLevel[world]'/slugterra:the_99_caverns
[22Feb2026 19:52:56.996] [Server thread/DEBUG] [net.minecraftforge.common.ForgeHooks/WP]: Gathering id map for writing to world save world
[22Feb2026 19:52:57.032] [Server thread/DEBUG] [net.minecraftforge.common.ForgeHooks/WP]: ID Map collection complete world
[22Feb2026 19:52:57.047] [Server thread/INFO] [net.minecraft.server.MinecraftServer/]: ThreadedAnvilChunkStorage (world): All chunks are saved
[22Feb2026 19:52:57.048] [Server thread/INFO] [net.minecraft.server.MinecraftServer/]: ThreadedAnvilChunkStorage (DIM1): All chunks are saved
[22Feb2026 19:52:57.049] [Server thread/INFO] [net.minecraft.server.MinecraftServer/]: ThreadedAnvilChunkStorage (DIM-1): All chunks are saved
[22Feb2026 19:52:57.049] [Server thread/INFO] [net.minecraft.server.MinecraftServer/]: ThreadedAnvilChunkStorage (the_99_caverns): All chunks are saved
[22Feb2026 19:52:57.049] [Server thread/INFO] [net.minecraft.server.MinecraftServer/]: ThreadedAnvilChunkStorage: All dimensions are saved
[22Feb2026 19:52:57.061] [Server thread/DEBUG] [net.minecraftforge.fml.config.ConfigTracker/CONFIG]: Unloading configs type SERVER
